sample_id,acid,conc_gL,day,T,pH
A_35_F_5_A_D0,C2,0.106018222,0.0,35.0,5.0
A_35_F_5_A_D1,C2,0.052312038,1.2,35.0,5.0
A_35_F_5_A_D1,C4,0.988501458,1.2,35.0,5.0
A_35_F_5_A_D1,C6,0.129533043,1.2,35.0,5.0
A_35_F_5_A_D2,C2,0.868033205,3.3,35.0,5.0
A_35_F_5_A_D2,C3,0.260412815,3.3,35.0,5.0
A_35_F_5_A_D2,C4,1.034284468,3.3,35.0,5.0
A_35_F_5_A_D2,C5,0.037204312,3.3,35.0,5.0
A_35_F_5_A_D2,C6,0.129433359,3.3,35.0,5.0
A_35_F_5_A_D2,ISOC4,0.048942785,3.3,35.0,5.0
A_35_F_5_A_D2,ISOC5,0.079611735,3.3,35.0,5.0
A_35_F_5_A_D3,C2,0.670587434,7.2,35.0,5.0
A_35_F_5_A_D3,C3,0.33708401,7.2,35.0,5.0
A_35_F_5_A_D3,C4,1.08745424,7.2,35.0,5.0
A_35_F_5_A_D3,C5,0.071604105,7.2,35.0,5.0
A_35_F_5_A_D3,C6,0.137687488,7.2,35.0,5.0
A_35_F_5_A_D3,ISOC4,0.063872434,7.2,35.0,5.0
A_35_F_5_A_D3,ISOC5,0.105413931,7.2,35.0,5.0
A_35_F_5_A_D4,C2,1.2124746050000001,11.3,35.0,5.0
A_35_F_5_A_D4,C3,0.471052888,11.3,35.0,5.0
A_35_F_5_A_D4,C4,1.1624373394999998,11.3,35.0,5.0
A_35_F_5_A_D4,C5,0.1199998645,11.3,35.0,5.0
A_35_F_5_A_D4,C6,0.1649287045,11.3,35.0,5.0
A_35_F_5_A_D4,ISOC4,0.06958879700000001,11.3,35.0,5.0
A_35_F_5_A_D4,ISOC5,0.118869271,11.3,35.0,5.0
A_35_F_5_B_D0,C2,0.219308334,0.0,35.0,5.0
A_35_F_5_B_D1,C4,0.364690328,1.2,35.0,5.0
A_35_F_5_B_D2,C2,0.732450529,3.3,35.0,5.0
A_35_F_5_B_D2,C3,0.340925257,3.3,35.0,5.0
A_35_F_5_B_D2,C4,1.287191755,3.3,35.0,5.0
A_35_F_5_B_D2,ISOC4,0.097653097,3.3,35.0,5.0
A_35_F_5_B_D2,ISOC5,0.136401309,3.3,35.0,5.0
A_35_F_5_B_D3,C2,0.834411645,7.2,35.0,5.0
A_35_F_5_B_D3,C3,0.422460544,7.2,35.0,5.0
A_35_F_5_B_D3,C4,1.366642103,7.2,35.0,5.0
A_35_F_5_B_D3,C5,0.178096831,7.2,35.0,5.0
A_35_F_5_B_D3,C6,0.116652432,7.2,35.0,5.0
A_35_F_5_B_D3,ISOC4,0.11175025,7.2,35.0,5.0
A_35_F_5_B_D3,ISOC5,0.167090667,7.2,35.0,5.0
A_35_F_5_B_D4,C2,1.060621144,11.3,35.0,5.0
A_35_F_5_B_D4,C3,0.585134892,11.3,35.0,5.0
A_35_F_5_B_D4,C4,1.292876712,11.3,35.0,5.0
A_35_F_5_B_D4,C5,0.234001265,11.3,35.0,5.0
A_35_F_5_B_D4,C6,0.121964023,11.3,35.0,5.0
A_35_F_5_B_D4,ISOC4,0.118999779,11.3,35.0,5.0
A_35_F_5_B_D4,ISOC5,0.186465854,11.3,35.0,5.0
A_35_F_5_C_D0,C2,0.128584437,0.0,35.0,5.0
A_35_F_5_C_D1,C2,0.175826267,1.2,35.0,5.0
A_35_F_5_C_D1,C4,1.178471564,1.2,35.0,5.0
A_35_F_5_C_D1,ISOC6,0.193400953,1.2,35.0,5.0
A_35_F_5_C_D2,C2,0.582830864,3.3,35.0,5.0
A_35_F_5_C_D2,C3,0.332372988,3.3,35.0,5.0
A_35_F_5_C_D2,C4,1.098830489,3.3,35.0,5.0
A_35_F_5_C_D2,C6,0.138513908,3.3,35.0,5.0
A_35_F_5_C_D2,ISOC4,0.097958297,3.3,35.0,5.0
A_35_F_5_C_D2,ISOC5,0.126880875,3.3,35.0,5.0
A_35_F_5_C_D3,C2,1.274374642,7.2,35.0,5.0
A_35_F_5_C_D3,C3,0.397582415,7.2,35.0,5.0
A_35_F_5_C_D3,C4,1.063108574,7.2,35.0,5.0
A_35_F_5_C_D3,C5,0.146367026,7.2,35.0,5.0
A_35_F_5_C_D3,C6,0.150700434,7.2,35.0,5.0
A_35_F_5_C_D3,ISOC4,0.102820667,7.2,35.0,5.0
A_35_F_5_C_D3,ISOC5,0.140641856,7.2,35.0,5.0
A_35_F_5_C_D4,C2,1.179640868,11.3,35.0,5.0
A_35_F_5_C_D4,C3,0.6801993555,11.3,35.0,5.0
A_35_F_5_C_D4,C4,1.2958222460000002,11.3,35.0,5.0
A_35_F_5_C_D4,C5,0.22835796549999998,11.3,35.0,5.0
A_35_F_5_C_D4,C6,0.22719646200000002,11.3,35.0,5.0
A_35_F_5_C_D4,C7,0.189367998,11.3,35.0,5.0
A_35_F_5_C_D4,ISOC4,0.1395681995,11.3,35.0,5.0
A_35_F_5_C_D4,ISOC5,0.19621223100000001,11.3,35.0,5.0
A_35_F_5_C_D4,ISOC6,0.15835518,11.3,35.0,5.0
A_35_F_5_D_D3,C2,0.028204225,7.2,35.0,5.0
A_35_F_5_INOC_3,C2,1.613210697,54.1,35.0,5.0
A_35_F_5_INOC_3,C3,0.531033648,54.1,35.0,5.0
A_35_F_5_INOC_3,C4,0.631454585,54.1,35.0,5.0
A_35_F_5_INOC_3,C5,0.38304661,54.1,35.0,5.0
A_35_F_5_INOC_3,C6,0.323332884,54.1,35.0,5.0
A_35_F_5_INOC_3,ISOC4,0.12048979,54.1,35.0,5.0
A_35_F_5_INOC_3,ISOC5,0.162912162,54.1,35.0,5.0
A_35_F_7_A_D0,C2,0.139880786,0.0,35.0,7.0
A_35_F_7_A_D1,C2,2.258907285,1.2,35.0,7.0
A_35_F_7_A_D1,C3,0.142730835,1.2,35.0,7.0
A_35_F_7_A_D1,C4,1.002121355,1.2,35.0,7.0
A_35_F_7_A_D1,ISOC4,0.053395515,1.2,35.0,7.0
A_35_F_7_A_D1,ISOC5,0.071364335,1.2,35.0,7.0
A_35_F_7_A_D2,C2,2.790053413,3.3,35.0,7.0
A_35_F_7_A_D2,C3,0.586669727,3.3,35.0,7.0
A_35_F_7_A_D2,C4,1.022405782,3.3,35.0,7.0
A_35_F_7_A_D2,C5,0.19154339,3.3,35.0,7.0
A_35_F_7_A_D2,ISOC4,0.108519248,3.3,35.0,7.0
A_35_F_7_A_D2,ISOC5,0.1375536,3.3,35.0,7.0
A_35_F_7_A_D3,C2,0.188300523,7.2,35.0,7.0
A_35_F_7_A_D3,C3,0.189437453,7.2,35.0,7.0
A_35_F_7_A_D3,C4,0.664708253,7.2,35.0,7.0
A_35_F_7_A_D3,C5,0.153405464,7.2,35.0,7.0
A_35_F_7_A_D3,ISOC4,0.117482076,7.2,35.0,7.0
A_35_F_7_A_D3,ISOC5,0.15235967,7.2,35.0,7.0
A_35_F_7_A_D4,C2,0.039709716,11.3,35.0,7.0
A_35_F_7_A_D4,C3,0.213614856,11.3,35.0,7.0
A_35_F_7_A_D4,ISOC4,0.056830068,11.3,35.0,7.0
A_35_F_7_A_D4,ISOC5,0.095062895,11.3,35.0,7.0
A_35_F_7_B_D0,C2,0.225537134,0.0,35.0,7.0
A_35_F_7_B_D1,C2,1.670970739,1.2,35.0,7.0
A_35_F_7_B_D1,C3,0.17132419,1.2,35.0,7.0
A_35_F_7_B_D1,C4,1.104137771,1.2,35.0,7.0
A_35_F_7_B_D1,ISOC4,0.058777455,1.2,35.0,7.0
A_35_F_7_B_D1,ISOC5,0.08262032,1.2,35.0,7.0
A_35_F_7_B_D2,C2,2.208827238,3.3,35.0,7.0
A_35_F_7_B_D2,C3,0.321641261,3.3,35.0,7.0
A_35_F_7_B_D2,C4,0.895718696,3.3,35.0,7.0
A_35_F_7_B_D2,C5,0.156761713,3.3,35.0,7.0
A_35_F_7_B_D2,ISOC4,0.104605086,3.3,35.0,7.0
A_35_F_7_B_D2,ISOC5,0.125065245,3.3,35.0,7.0
A_35_F_7_B_D3,C2,2.156624418,7.2,35.0,7.0
A_35_F_7_B_D3,C3,0.515570616,7.2,35.0,7.0
A_35_F_7_B_D3,C4,0.918177755,7.2,35.0,7.0
A_35_F_7_B_D3,C5,0.092920728,7.2,35.0,7.0
A_35_F_7_B_D3,C6,0.005420507,7.2,35.0,7.0
A_35_F_7_B_D3,ISOC4,0.073567691,7.2,35.0,7.0
A_35_F_7_B_D3,ISOC5,0.104333463,7.2,35.0,7.0
A_35_F_7_B_D4,C2,1.909758706,11.3,35.0,7.0
A_35_F_7_B_D4,C3,0.571851451,11.3,35.0,7.0
A_35_F_7_B_D4,C4,0.990761017,11.3,35.0,7.0
A_35_F_7_B_D4,C5,0.104911666,11.3,35.0,7.0
A_35_F_7_B_D4,C6,0.018164672,11.3,35.0,7.0
A_35_F_7_B_D4,ISOC4,0.080095093,11.3,35.0,7.0
A_35_F_7_B_D4,ISOC5,0.120972711,11.3,35.0,7.0
A_35_F_7_C_D0,C2,0.185277342,0.0,35.0,7.0
A_35_F_7_C_D1,C2,2.192975838,1.2,35.0,7.0
A_35_F_7_C_D1,C3,0.023985742,1.2,35.0,7.0
A_35_F_7_C_D1,C4,0.908167974,1.2,35.0,7.0
A_35_F_7_C_D1,ISOC4,0.09449236,1.2,35.0,7.0
A_35_F_7_C_D1,ISOC5,0.11054492,1.2,35.0,7.0
A_35_F_7_C_D2,C2,2.680250962,3.3,35.0,7.0
A_35_F_7_C_D2,C3,0.493328169,3.3,35.0,7.0
A_35_F_7_C_D2,C4,0.982977296,3.3,35.0,7.0
A_35_F_7_C_D2,C5,0.08289946,3.3,35.0,7.0
A_35_F_7_C_D2,ISOC4,0.07441731,3.3,35.0,7.0
A_35_F_7_C_D2,ISOC5,0.111452529,3.3,35.0,7.0
A_35_F_7_C_D3,C2,0.129674251,7.2,35.0,7.0
A_35_F_7_C_D3,C3,0.18674115,7.2,35.0,7.0
A_35_F_7_C_D3,C4,0.540181557,7.2,35.0,7.0
A_35_F_7_C_D3,C5,0.069824612,7.2,35.0,7.0
A_35_F_7_C_D3,C6,0.007662675,7.2,35.0,7.0
A_35_F_7_C_D3,ISOC4,0.076063848,7.2,35.0,7.0
A_35_F_7_C_D3,ISOC5,0.112947035,7.2,35.0,7.0
A_35_F_7_C_D4,C2,0.017023319,11.3,35.0,7.0
A_35_F_7_C_D4,C3,0.303974663,11.3,35.0,7.0
A_35_F_7_C_D4,ISOC5,0.083935693,11.3,35.0,7.0
A_35_F_7_D_D4,C2,0.039741953,11.3,35.0,7.0
A_35_F_7_INOC_3,C2,0.056029222,54.1,35.0,7.0
A_35_F_9_A_D0,C2,0.124482356,0.0,35.0,9.0
A_35_F_9_A_D1,C2,0.559082668,1.2,35.0,9.0
A_35_F_9_A_D1,C3,0.083157911,1.2,35.0,9.0
A_35_F_9_A_D1,ISOC5,0.032158488,1.2,35.0,9.0
A_35_F_9_A_D2,C2,1.528063033,3.3,35.0,9.0
A_35_F_9_A_D2,C3,0.159395679,3.3,35.0,9.0
A_35_F_9_A_D2,ISOC4,0.094923821,3.3,35.0,9.0
A_35_F_9_A_D2,ISOC5,0.118798759,3.3,35.0,9.0
A_35_F_9_A_D3,C2,2.458850737,7.2,35.0,9.0
A_35_F_9_A_D3,C3,0.555662771,7.2,35.0,9.0
A_35_F_9_A_D3,ISOC4,0.068156092,7.2,35.0,9.0
A_35_F_9_A_D3,ISOC5,0.116850673,7.2,35.0,9.0
A_35_F_9_A_D3,ISOC6,0.134531682,7.2,35.0,9.0
A_35_F_9_A_D4,C2,2.970409179,11.3,35.0,9.0
A_35_F_9_A_D4,C3,0.563870378,11.3,35.0,9.0
A_35_F_9_A_D4,ISOC4,0.108902074,11.3,35.0,9.0
A_35_F_9_A_D4,ISOC5,0.147909008,11.3,35.0,9.0
A_35_F_9_B_D0,C2,0.162918493,0.0,35.0,9.0
A_35_F_9_B_D1,C2,0.60427922,1.2,35.0,9.0
A_35_F_9_B_D1,C3,0.033666637,1.2,35.0,9.0
A_35_F_9_B_D2,C2,1.517870544,3.3,35.0,9.0
A_35_F_9_B_D2,C3,0.044466038,3.3,35.0,9.0
A_35_F_9_B_D2,C4,0.002390943,3.3,35.0,9.0
A_35_F_9_B_D2,ISOC4,0.051645585,3.3,35.0,9.0
A_35_F_9_B_D2,ISOC5,0.071103327,3.3,35.0,9.0
A_35_F_9_B_D3,C2,2.39284534,7.2,35.0,9.0
A_35_F_9_B_D3,C3,0.439130825,7.2,35.0,9.0
A_35_F_9_B_D3,ISOC4,0.058704402,7.2,35.0,9.0
A_35_F_9_B_D3,ISOC5,0.087960272,7.2,35.0,9.0
A_35_F_9_B_D4,C2,2.998841993,11.3,35.0,9.0
A_35_F_9_B_D4,C3,0.413403866,11.3,35.0,9.0
A_35_F_9_B_D4,ISOC4,0.062280086,11.3,35.0,9.0
A_35_F_9_B_D4,ISOC5,0.095582924,11.3,35.0,9.0
A_35_F_9_C_D0,C2,0.03856353,0.0,35.0,9.0
A_35_F_9_C_D0,ISOC4,0.252544409,0.0,35.0,9.0
A_35_F_9_C_D1,C2,0.369909241,1.2,35.0,9.0
A_35_F_9_C_D2,C2,1.534015271,3.3,35.0,9.0
A_35_F_9_C_D2,C4,0.265054115,3.3,35.0,9.0
A_35_F_9_C_D2,ISOC4,0.053667772,3.3,35.0,9.0
A_35_F_9_C_D2,ISOC5,0.079772709,3.3,35.0,9.0
A_35_F_9_C_D3,C2,2.572976618,7.2,35.0,9.0
A_35_F_9_C_D3,C3,0.126333866,7.2,35.0,9.0
A_35_F_9_C_D3,C4,0.268355821,7.2,35.0,9.0
A_35_F_9_C_D3,C5,0.145506848,7.2,35.0,9.0
A_35_F_9_C_D3,ISOC4,0.100886871,7.2,35.0,9.0
A_35_F_9_C_D3,ISOC5,0.129592702,7.2,35.0,9.0
A_35_F_9_C_D4,C2,2.770368492,11.3,35.0,9.0
A_35_F_9_C_D4,C3,0.154430334,11.3,35.0,9.0
A_35_F_9_C_D4,C4,0.31929577,11.3,35.0,9.0
A_35_F_9_C_D4,C5,0.052890675,11.3,35.0,9.0
A_35_F_9_C_D4,ISOC4,0.062825422,11.3,35.0,9.0
A_35_F_9_C_D4,ISOC5,0.097015982,11.3,35.0,9.0
A_35_F_9_D_D1,C2,0.034547358,1.2,35.0,9.0
A_35_F_9_INOC_3,C2,4.148195994,54.1,35.0,9.0
A_35_F_9_INOC_3,C3,0.601524113,54.1,35.0,9.0
A_35_F_9_INOC_3,C4,0.004149779,54.1,35.0,9.0
A_35_F_9_INOC_3,C5,0.05781855,54.1,35.0,9.0
A_35_F_9_INOC_3,C6,0.070573848,54.1,35.0,9.0
A_35_F_9_INOC_3,ISOC4,0.10303899,54.1,35.0,9.0
A_35_F_9_INOC_3,ISOC5,0.148076251,54.1,35.0,9.0
A_35_F_9_INOC_3,ISOC6,0.009725216,54.1,35.0,9.0
A_35_M_5_A_4,C2,0.176273126,23.29,35.0,5.0
A_35_M_5_A_4,C3,0.20246597,23.29,35.0,5.0
A_35_M_5_A_D0,C2,0.187536917,0.0,35.0,5.0
A_35_M_5_A_D1,C2,0.282661037,0.54,35.0,5.0
A_35_M_5_A_D1,C3,0.090343858,0.54,35.0,5.0
A_35_M_5_A_D2,C2,0.60490237,3.48,35.0,5.0
A_35_M_5_A_D2,C3,0.191782285,3.48,35.0,5.0
A_35_M_5_A_D2,C4,0.0,3.48,35.0,5.0
A_35_M_5_A_D3,C2,1.333619374,6.47,35.0,5.0
A_35_M_5_A_D3,C3,0.319461393,6.47,35.0,5.0
A_35_M_5_A_D3,C4,0.0,6.47,35.0,5.0
A_35_M_5_A_D4,C2,0.975921777,11.29,35.0,5.0
A_35_M_5_A_D4,C3,0.646247368,11.29,35.0,5.0
A_35_M_5_A_D4,C4,0.043974292,11.29,35.0,5.0
A_35_M_5_A_D4,C5,0.051383352,11.29,35.0,5.0
A_35_M_5_A_D4,ISOC4,0.004309412,11.29,35.0,5.0
A_35_M_5_A_D4,ISOC5,0.000871977,11.29,35.0,5.0
A_35_M_5_B_4,C2,0.094007051,23.29,35.0,5.0
A_35_M_5_B_4,C3,0.083677268,23.29,35.0,5.0
A_35_M_5_B_D0,C2,0.250625006,0.0,35.0,5.0
A_35_M_5_B_D0,C3,0.0,0.0,35.0,5.0
A_35_M_5_B_D1,C2,0.531913436,0.54,35.0,5.0
A_35_M_5_B_D1,C3,0.023249867,0.54,35.0,5.0
A_35_M_5_B_D2,C2,0.782968126,3.48,35.0,5.0
A_35_M_5_B_D2,C3,0.177746691,3.48,35.0,5.0
A_35_M_5_B_D2,C4,0.0,3.48,35.0,5.0
A_35_M_5_B_D3,C2,0.598233604,6.47,35.0,5.0
A_35_M_5_B_D3,C3,0.140725727,6.47,35.0,5.0
A_35_M_5_B_D3,C4,0.0,6.47,35.0,5.0
A_35_M_5_B_D4,C2,0.669874408,11.29,35.0,5.0
A_35_M_5_B_D4,C3,0.255175663,11.29,35.0,5.0
A_35_M_5_B_D4,C4,0.0,11.29,35.0,5.0
A_35_M_5_C_4,C2,0.129843234,23.29,35.0,5.0
A_35_M_5_C_4,C3,0.157930461,23.29,35.0,5.0
A_35_M_5_C_4,C4,0.0,23.29,35.0,5.0
A_35_M_5_C_4,ISOC6,0.15660381,23.29,35.0,5.0
A_35_M_5_C_D0,C2,0.157038643,0.0,35.0,5.0
A_35_M_5_C_D0,C3,0.0,0.0,35.0,5.0
A_35_M_5_C_D0,ISOC4,0.209954102,0.0,35.0,5.0
A_35_M_5_C_D1,C2,0.337065355,0.54,35.0,5.0
A_35_M_5_C_D1,C3,0.060989165,0.54,35.0,5.0
A_35_M_5_C_D2,C2,0.807377258,3.48,35.0,5.0
A_35_M_5_C_D2,C3,0.176155871,3.48,35.0,5.0
A_35_M_5_C_D2,C4,0.0,3.48,35.0,5.0
A_35_M_5_C_D3,C2,0.760411625,6.47,35.0,5.0
A_35_M_5_C_D3,C3,0.228114017,6.47,35.0,5.0
A_35_M_5_C_D3,C4,0.0,6.47,35.0,5.0
A_35_M_5_C_D4,C2,0.802941983,11.29,35.0,5.0
A_35_M_5_C_D4,C3,0.385972217,11.29,35.0,5.0
A_35_M_5_C_D4,C4,0.0,11.29,35.0,5.0
A_35_M_5_D_D0,C2,0.143502185,0.0,35.0,5.0
A_35_M_5_D_D1,C2,0.0,0.54,35.0,5.0
A_35_M_5_D_D1,C3,0.0,0.54,35.0,5.0
A_35_M_5_D_D3,C2,0.524888335,6.47,35.0,5.0
A_35_M_5_D_D3,C3,0.249007645,6.47,35.0,5.0
A_35_M_5_D_D3,C4,0.095294066,6.47,35.0,5.0
A_35_M_5_D_D4,C2,0.318137955,11.29,35.0,5.0
A_35_M_5_INOC_3,C2,0.093933751,54.1,35.0,5.0
A_35_M_5_INOC_3,C3,0.262928976,54.1,35.0,5.0
A_35_M_5_INOC_3,C5,0.166419877,54.1,35.0,5.0
A_35_M_5_INOC_3,C6,0.117129993,54.1,35.0,5.0
A_35_M_5_INOC_3,C7,0.162517191,54.1,35.0,5.0
A_35_M_5_INOC_3,ISOC5,0.089505753,54.1,35.0,5.0
A_35_M_5_INOC_3,ISOC6,0.090633377,54.1,35.0,5.0
A_35_M_7_A_D0,C2,0.135575818,0.0,35.0,7.0
A_35_M_7_A_D0,C7,0.304780285,0.0,35.0,7.0
A_35_M_7_A_D1,C2,0.266499894,0.54,35.0,7.0
A_35_M_7_A_D1,C3,0.076735759,0.54,35.0,7.0
A_35_M_7_A_D2,C2,1.599875988,3.48,35.0,7.0
A_35_M_7_A_D2,C3,0.925375895,3.48,35.0,7.0
A_35_M_7_A_D2,C4,0.082661332,3.48,35.0,7.0
A_35_M_7_A_D3,C2,1.283225116,6.47,35.0,7.0
A_35_M_7_A_D3,C3,0.741704343,6.47,35.0,7.0
A_35_M_7_A_D3,C4,0.0,6.47,35.0,7.0
A_35_M_7_A_D4,C2,0.791102921,11.29,35.0,7.0
A_35_M_7_A_D4,C3,0.525507287,11.29,35.0,7.0
A_35_M_7_A_D4,ISOC4,0.038063736,11.29,35.0,7.0
A_35_M_7_A_D4,ISOC5,0.040165845,11.29,35.0,7.0
A_35_M_7_B_D0,C2,0.336064907,0.0,35.0,7.0
A_35_M_7_B_D0,C3,0.001529086,0.0,35.0,7.0
A_35_M_7_B_D1,C2,0.709263195,0.54,35.0,7.0
A_35_M_7_B_D1,C3,0.311180691,0.54,35.0,7.0
A_35_M_7_B_D1,C4,0.0,0.54,35.0,7.0
A_35_M_7_B_D2,C2,1.041002859,3.48,35.0,7.0
A_35_M_7_B_D2,C3,0.9864983976666667,3.48,35.0,7.0
A_35_M_7_B_D2,C4,0.0,3.48,35.0,7.0
A_35_M_7_B_D2,ISOC4,0.242505754,3.48,35.0,7.0
A_35_M_7_B_D3,C2,0.501555257,6.47,35.0,7.0
A_35_M_7_B_D3,C3,0.85414818,6.47,35.0,7.0
A_35_M_7_B_D3,C4,0.0,6.47,35.0,7.0
A_35_M_7_B_D4,C2,0.27381603,11.29,35.0,7.0
A_35_M_7_B_D4,C3,0.882240911,11.29,35.0,7.0
A_35_M_7_B_D4,C4,0.0,11.29,35.0,7.0
A_35_M_7_C_D0,C2,0.220876766,0.0,35.0,7.0
A_35_M_7_C_D0,C3,0.02754626,0.0,35.0,7.0
A_35_M_7_C_D1,C2,0.769919085,0.54,35.0,7.0
A_35_M_7_C_D1,C3,0.18309598,0.54,35.0,7.0
A_35_M_7_C_D2,C2,1.145237304,3.48,35.0,7.0
A_35_M_7_C_D2,C3,0.848959797,3.48,35.0,7.0
A_35_M_7_C_D2,C4,0.0,3.48,35.0,7.0
A_35_M_7_C_D3,C2,1.393198207,6.47,35.0,7.0
A_35_M_7_C_D3,C3,1.050004908,6.47,35.0,7.0
A_35_M_7_C_D3,C4,0.0,6.47,35.0,7.0
A_35_M_7_C_D4,C2,0.344106074,11.29,35.0,7.0
A_35_M_7_C_D4,C3,0.882660116,11.29,35.0,7.0
A_35_M_7_C_D4,ISOC5,0.013027431,11.29,35.0,7.0
A_35_M_7_D_D0,C2,0.217002037,0.0,35.0,7.0
A_35_M_7_D_D1,C2,0.157771848,0.54,35.0,7.0
A_35_M_7_D_D2,C2,0.0,3.48,35.0,7.0
A_35_M_7_D_D3,C2,0.159166741,6.47,35.0,7.0
A_35_M_7_D_D3,C4,0.121210105,6.47,35.0,7.0
A_35_M_9_A_4,C2,1.84241897,23.29,35.0,9.0
A_35_M_9_A_4,C3,0.289026879,23.29,35.0,9.0
A_35_M_9_A_4,C4,0.0,23.29,35.0,9.0
A_35_M_9_A_D0,C2,0.567382389,0.0,35.0,9.0
A_35_M_9_A_D0,C3,0.030284796,0.0,35.0,9.0
A_35_M_9_A_D1,C2,1.159694608,0.54,35.0,9.0
A_35_M_9_A_D1,C3,0.109453007,0.54,35.0,9.0
A_35_M_9_A_D1,C7,0.232519895,0.54,35.0,9.0
A_35_M_9_A_D2,C2,1.109775515,3.48,35.0,9.0
A_35_M_9_A_D2,C3,0.051560024,3.48,35.0,9.0
A_35_M_9_A_D3,C2,1.479544348,6.47,35.0,9.0
A_35_M_9_A_D3,C3,0.049995706,6.47,35.0,9.0
A_35_M_9_A_D4,C2,1.206605612,11.29,35.0,9.0
A_35_M_9_A_D4,C3,0.203672124,11.29,35.0,9.0
A_35_M_9_A_D4,C4,0.0,11.29,35.0,9.0
A_35_M_9_B_4,C2,2.477381457,23.29,35.0,9.0
A_35_M_9_B_4,C3,0.337902946,23.29,35.0,9.0
A_35_M_9_B_D0,C2,0.659125924,0.0,35.0,9.0
A_35_M_9_B_D0,C3,0.009626225,0.0,35.0,9.0
A_35_M_9_B_D1,C2,0.602730293,0.54,35.0,9.0
A_35_M_9_B_D1,C3,0.0,0.54,35.0,9.0
A_35_M_9_B_D2,C2,1.144626844,3.48,35.0,9.0
A_35_M_9_B_D2,C3,0.153796121,3.48,35.0,9.0
A_35_M_9_B_D2,C4,0.0,3.48,35.0,9.0
A_35_M_9_B_D2,ISOC4,0.037346686,3.48,35.0,9.0
A_35_M_9_B_D2,ISOC5,0.0449264,3.48,35.0,9.0
A_35_M_9_B_D3,C2,1.281966869,6.47,35.0,9.0
A_35_M_9_B_D3,C3,0.416885016,6.47,35.0,9.0
A_35_M_9_B_D4,C2,2.45360502,11.29,35.0,9.0
A_35_M_9_B_D4,C3,0.269925051,11.29,35.0,9.0
A_35_M_9_C_4,C2,2.262072935,23.29,35.0,9.0
A_35_M_9_C_4,C3,0.784500651,23.29,35.0,9.0
A_35_M_9_C_4,C4,0.277576562,23.29,35.0,9.0
A_35_M_9_C_4,ISOC5,0.016837462,23.29,35.0,9.0
A_35_M_9_C_D0,C2,0.371038188,0.0,35.0,9.0
A_35_M_9_C_D0,C3,0.0,0.0,35.0,9.0
A_35_M_9_C_D1,C2,0.872759193,0.54,35.0,9.0
A_35_M_9_C_D1,C3,0.0,0.54,35.0,9.0
A_35_M_9_C_D2,C2,1.186920152,3.48,35.0,9.0
A_35_M_9_C_D2,C3,0.189205001,3.48,35.0,9.0
A_35_M_9_C_D3,C2,1.614294858,6.47,35.0,9.0
A_35_M_9_C_D3,C3,0.142497575,6.47,35.0,9.0
A_35_M_9_C_D4,C2,1.828557451,11.29,35.0,9.0
A_35_M_9_C_D4,C3,0.390304545,11.29,35.0,9.0
A_35_M_9_C_D4,C4,0.0,11.29,35.0,9.0
A_35_M_9_C_D4,C5,0.052310271,11.29,35.0,9.0
A_35_M_9_C_D4,C7,0.346279516,11.29,35.0,9.0
A_35_M_9_C_D4,ISOC4,0.052346047,11.29,35.0,9.0
A_35_M_9_C_D4,ISOC5,0.048017828,11.29,35.0,9.0
A_35_M_9_C_D4,ISOC6,0.030258892,11.29,35.0,9.0
A_35_M_9_D_4,C2,0.061577814,23.29,35.0,9.0
A_35_M_9_D_D0,C2,0.254720722,0.0,35.0,9.0
A_35_M_9_D_D1,C2,0.032010906,0.54,35.0,9.0
A_35_M_9_D_D2,C2,0.044887426,3.48,35.0,9.0
A_35_M_9_D_D2,C3,0.0,3.48,35.0,9.0
A_35_M_9_D_D2,C4,0.0,3.48,35.0,9.0
A_35_M_9_D_D3,C2,0.723406482,6.47,35.0,9.0
A_35_M_9_D_D4,C2,0.224416386,11.29,35.0,9.0
A_35_M_9_D_D4,C3,0.108211777,11.29,35.0,9.0
A_35_M_9_D_D4,C4,0.0,11.29,35.0,9.0
A_35_M_9_INOC_3,C2,2.37839251,54.1,35.0,9.0
A_35_M_9_INOC_3,C3,0.237032541,54.1,35.0,9.0
A_35_M_9_INOC_3,ISOC4,0.067822104,54.1,35.0,9.0
A_35_M_9_INOC_3,ISOC5,0.062339027,54.1,35.0,9.0
A_45_F_5_A_D0,C3,0.192448878,0.0,45.0,5.0
A_45_F_5_A_D0,C5,0.043298172,0.0,45.0,5.0
A_45_F_5_A_D0,C6,0.003539779,0.0,45.0,5.0
A_45_F_5_A_D1,C2,0.221025766,1.2,45.0,5.0
A_45_F_5_A_D1,C3,0.273814028,1.2,45.0,5.0
A_45_F_5_A_D1,C5,0.046784847,1.2,45.0,5.0
A_45_F_5_A_D2,C2,0.606091579,3.3,45.0,5.0
A_45_F_5_A_D2,C3,0.838270059,3.3,45.0,5.0
A_45_F_5_A_D2,C4,0.367819979,3.3,45.0,5.0
A_45_F_5_A_D2,C5,0.503136431,3.3,45.0,5.0
A_45_F_5_A_D2,C6,0.125294221,3.3,45.0,5.0
A_45_F_5_A_D2,ISOC4,0.105421514,3.3,45.0,5.0
A_45_F_5_A_D2,ISOC5,0.162651557,3.3,45.0,5.0
A_45_F_5_A_D3,C2,0.699813974,7.2,45.0,5.0
A_45_F_5_A_D3,C3,0.750928865,7.2,45.0,5.0
A_45_F_5_A_D3,C4,0.387347892,7.2,45.0,5.0
A_45_F_5_A_D3,C5,0.503468664,7.2,45.0,5.0
A_45_F_5_A_D3,C6,0.13504375,7.2,45.0,5.0
A_45_F_5_A_D3,ISOC4,0.115737978,7.2,45.0,5.0
A_45_F_5_A_D3,ISOC5,0.181470557,7.2,45.0,5.0
A_45_F_5_A_D4,C2,0.495251106,11.3,45.0,5.0
A_45_F_5_A_D4,C3,0.8425692865000001,11.3,45.0,5.0
A_45_F_5_A_D4,C4,0.37787126449999997,11.3,45.0,5.0
A_45_F_5_A_D4,C5,0.4807388875,11.3,45.0,5.0
A_45_F_5_A_D4,C6,0.0448953255,11.3,45.0,5.0
A_45_F_5_A_D4,ISOC4,0.0839337135,11.3,45.0,5.0
A_45_F_5_A_D4,ISOC5,0.163095604,11.3,45.0,5.0
A_45_F_5_B_D0,C2,0.008716306,0.0,45.0,5.0
A_45_F_5_B_D1,C2,0.323396707,1.2,45.0,5.0
A_45_F_5_B_D1,C3,0.113752618,1.2,45.0,5.0
A_45_F_5_B_D1,C5,0.127112401,1.2,45.0,5.0
A_45_F_5_B_D2,C2,0.546016981,3.3,45.0,5.0
A_45_F_5_B_D2,C3,0.595973734,3.3,45.0,5.0
A_45_F_5_B_D2,C4,0.25324557,3.3,45.0,5.0
A_45_F_5_B_D2,C5,0.39781741,3.3,45.0,5.0
A_45_F_5_B_D2,ISOC4,0.093993763,3.3,45.0,5.0
A_45_F_5_B_D2,ISOC5,0.136567884,3.3,45.0,5.0
A_45_F_5_B_D3,C2,0.211296719,7.2,45.0,5.0
A_45_F_5_B_D3,C3,0.872801885,7.2,45.0,5.0
A_45_F_5_B_D3,C4,0.465376966,7.2,45.0,5.0
A_45_F_5_B_D3,C5,0.453023219,7.2,45.0,5.0
A_45_F_5_B_D3,C6,0.025833829,7.2,45.0,5.0
A_45_F_5_B_D3,ISOC4,0.07489892,7.2,45.0,5.0
A_45_F_5_B_D3,ISOC5,0.15071697,7.2,45.0,5.0
A_45_F_5_B_D4,C2,1.29180934,11.3,45.0,5.0
A_45_F_5_B_D4,C3,0.886615883,11.3,45.0,5.0
A_45_F_5_B_D4,C4,0.104049335,11.3,45.0,5.0
A_45_F_5_B_D4,C5,0.376743624,11.3,45.0,5.0
A_45_F_5_B_D4,C6,0.139231913,11.3,45.0,5.0
A_45_F_5_B_D4,ISOC4,0.118431568,11.3,45.0,5.0
A_45_F_5_B_D4,ISOC5,0.190279053,11.3,45.0,5.0
A_45_F_5_C_D1,C2,0.819340685,1.2,45.0,5.0
A_45_F_5_C_D1,C3,0.842043909,1.2,45.0,5.0
A_45_F_5_C_D1,C4,0.202600016,1.2,45.0,5.0
A_45_F_5_C_D1,C5,0.177985974,1.2,45.0,5.0
A_45_F_5_C_D1,C6,0.003305031,1.2,45.0,5.0
A_45_F_5_C_D2,C2,0.767270487,3.3,45.0,5.0
A_45_F_5_C_D2,C3,0.825461889,3.3,45.0,5.0
A_45_F_5_C_D2,C4,0.202563511,3.3,45.0,5.0
A_45_F_5_C_D2,C5,0.371291208,3.3,45.0,5.0
A_45_F_5_C_D2,C6,0.14476304,3.3,45.0,5.0
A_45_F_5_C_D2,ISOC4,0.11024837,3.3,45.0,5.0
A_45_F_5_C_D2,ISOC5,0.166295928,3.3,45.0,5.0
A_45_F_5_C_D3,C2,1.154215153,7.2,45.0,5.0
A_45_F_5_C_D3,C3,0.976516789,7.2,45.0,5.0
A_45_F_5_C_D3,C4,0.14958407,7.2,45.0,5.0
A_45_F_5_C_D3,C5,0.382511247,7.2,45.0,5.0
A_45_F_5_C_D3,C6,0.131848463,7.2,45.0,5.0
A_45_F_5_C_D3,ISOC4,0.114704137,7.2,45.0,5.0
A_45_F_5_C_D3,ISOC5,0.185341417,7.2,45.0,5.0
A_45_F_5_C_D4,C2,0.74002007,11.3,45.0,5.0
A_45_F_5_C_D4,C3,0.800309978,11.3,45.0,5.0
A_45_F_5_C_D4,C4,0.35553599,11.3,45.0,5.0
A_45_F_5_C_D4,C5,0.463069972,11.3,45.0,5.0
A_45_F_5_C_D4,C6,0.116829035,11.3,45.0,5.0
A_45_F_5_C_D4,ISOC4,0.109665536,11.3,45.0,5.0
A_45_F_5_C_D4,ISOC5,0.167600179,11.3,45.0,5.0
A_45_F_5_D_D0,C2,0.044019052,0.0,45.0,5.0
A_45_F_5_D_D1,C2,0.020642272,1.2,45.0,5.0
A_45_F_5_D_D2,C2,0.092536219,3.3,45.0,5.0
A_45_F_5_D_D3,C2,0.027911916,7.2,45.0,5.0
A_45_F_5_D_D3,C5,0.032475052,7.2,45.0,5.0
A_45_F_5_INOC_3,C2,0.411118336,54.1,45.0,5.0
A_45_F_5_INOC_3,C3,0.352945609,54.1,45.0,5.0
A_45_F_5_INOC_3,C4,0.073466424,54.1,45.0,5.0
A_45_F_5_INOC_3,C5,0.38407735,54.1,45.0,5.0
A_45_F_5_INOC_3,C6,0.258478648,54.1,45.0,5.0
A_45_F_5_INOC_3,C7,0.221426345,54.1,45.0,5.0
A_45_F_5_INOC_3,ISOC4,0.114952826,54.1,45.0,5.0
A_45_F_5_INOC_3,ISOC5,0.176012005,54.1,45.0,5.0
A_45_F_7_A_D0,C2,0.193060946,0.0,45.0,7.0
A_45_F_7_A_D0,C7,0.23148107,0.0,45.0,7.0
A_45_F_7_A_D1,C2,2.607957887,1.2,45.0,7.0
A_45_F_7_A_D1,C3,0.083233767,1.2,45.0,7.0
A_45_F_7_A_D1,C4,0.823916991,1.2,45.0,7.0
A_45_F_7_A_D1,ISOC4,0.06779729,1.2,45.0,7.0
A_45_F_7_A_D1,ISOC5,0.084526945,1.2,45.0,7.0
A_45_F_7_A_D2,C2,2.590007178,3.3,45.0,7.0
A_45_F_7_A_D2,C3,0.302302369,3.3,45.0,7.0
A_45_F_7_A_D2,C4,0.739692826,3.3,45.0,7.0
A_45_F_7_A_D2,C5,0.153134682,3.3,45.0,7.0
A_45_F_7_A_D2,ISOC4,0.124085327,3.3,45.0,7.0
A_45_F_7_A_D2,ISOC5,0.14730058,3.3,45.0,7.0
A_45_F_7_A_D3,C2,0.174820501,7.2,45.0,7.0
A_45_F_7_A_D3,C3,0.291802398,7.2,45.0,7.0
A_45_F_7_A_D3,ISOC4,0.104015445,7.2,45.0,7.0
A_45_F_7_A_D3,ISOC5,0.108146151,7.2,45.0,7.0
A_45_F_7_A_D4,C2,0.229976959,11.3,45.0,7.0
A_45_F_7_A_D4,C3,0.349072429,11.3,45.0,7.0
A_45_F_7_B_D0,C2,0.047737102,0.0,45.0,7.0
A_45_F_7_B_D0,C5,0.155960405,0.0,45.0,7.0
A_45_F_7_B_D1,C2,1.6562866605000002,1.2,45.0,7.0
A_45_F_7_B_D1,C3,0.371911946,1.2,45.0,7.0
A_45_F_7_B_D1,C4,0.8707761965,1.2,45.0,7.0
A_45_F_7_B_D1,C5,0.122142176,1.2,45.0,7.0
A_45_F_7_B_D1,C6,0.120354591,1.2,45.0,7.0
A_45_F_7_B_D1,ISOC4,0.11166492850000001,1.2,45.0,7.0
A_45_F_7_B_D1,ISOC5,0.132146408,1.2,45.0,7.0
A_45_F_7_B_D1,ISOC6,0.111162123,1.2,45.0,7.0
A_45_F_7_B_D2,C2,1.938294652,3.3,45.0,7.0
A_45_F_7_B_D2,C3,0.864181323,3.3,45.0,7.0
A_45_F_7_B_D2,C4,0.9755371,3.3,45.0,7.0
A_45_F_7_B_D2,C5,0.089237895,3.3,45.0,7.0
A_45_F_7_B_D2,ISOC4,0.089802978,3.3,45.0,7.0
A_45_F_7_B_D2,ISOC5,0.126979437,3.3,45.0,7.0
A_45_F_7_B_D2,ISOC6,0.010709215,3.3,45.0,7.0
A_45_F_7_B_D3,C3,0.566944898,7.2,45.0,7.0
A_45_F_7_B_D3,ISOC4,0.071513444,7.2,45.0,7.0
A_45_F_7_B_D3,ISOC5,0.097800653,7.2,45.0,7.0
A_45_F_7_B_D4,C3,0.277975571,11.3,45.0,7.0
A_45_F_7_C_D0,C2,0.023607137,0.0,45.0,7.0
A_45_F_7_C_D1,C2,1.1358729415,1.2,45.0,7.0
A_45_F_7_C_D1,C3,0.1457740595,1.2,45.0,7.0
A_45_F_7_C_D1,C4,0.8190506694999999,1.2,45.0,7.0
A_45_F_7_C_D1,ISOC4,0.103869378,1.2,45.0,7.0
A_45_F_7_C_D1,ISOC5,0.12638883,1.2,45.0,7.0
A_45_F_7_C_D1,ISOC6,0.09301605,1.2,45.0,7.0
A_45_F_7_C_D2,C2,1.912827182,3.3,45.0,7.0
A_45_F_7_C_D2,C3,0.517324386,3.3,45.0,7.0
A_45_F_7_C_D2,C4,0.759701897,3.3,45.0,7.0
A_45_F_7_C_D2,C5,0.147368057,3.3,45.0,7.0
A_45_F_7_C_D2,ISOC4,0.111610821,3.3,45.0,7.0
A_45_F_7_C_D2,ISOC5,0.134898676,3.3,45.0,7.0
A_45_F_7_C_D3,C2,0.418620335,7.2,45.0,7.0
A_45_F_7_C_D3,C3,0.584658282,7.2,45.0,7.0
A_45_F_7_C_D3,C4,0.7648627,7.2,45.0,7.0
A_45_F_7_C_D3,C5,0.158171044,7.2,45.0,7.0
A_45_F_7_C_D3,ISOC4,0.128497812,7.2,45.0,7.0
A_45_F_7_C_D3,ISOC5,0.166850465,7.2,45.0,7.0
A_45_F_7_C_D4,C2,0.700023314,11.3,45.0,7.0
A_45_F_7_C_D4,C3,0.89501928,11.3,45.0,7.0
A_45_F_7_C_D4,C5,0.061851676,11.3,45.0,7.0
A_45_F_7_C_D4,C7,0.104413723,11.3,45.0,7.0
A_45_F_7_C_D4,ISOC4,0.096538218,11.3,45.0,7.0
A_45_F_7_C_D4,ISOC5,0.138448598,11.3,45.0,7.0
A_45_F_7_D_D1,C5,0.028976454,1.2,45.0,7.0
A_45_F_7_D_D1,C6,0.014756997,1.2,45.0,7.0
A_45_F_7_D_D1,C7,0.018315672,1.2,45.0,7.0
A_45_F_7_D_D1,ISOC6,0.008566735,1.2,45.0,7.0
A_45_F_7_D_D2,C2,0.029796236,3.3,45.0,7.0
A_45_F_7_D_D2,ISOC5,0.165620901,3.3,45.0,7.0
A_45_F_7_INOC_3,C2,0.069612945,54.1,45.0,7.0
A_45_F_9_A_D0,C2,0.241113569,0.0,45.0,9.0
A_45_F_9_A_D1,C2,0.468297941,1.2,45.0,9.0
A_45_F_9_A_D2,C2,1.740914329,3.3,45.0,9.0
A_45_F_9_A_D2,C3,0.018256072,3.3,45.0,9.0
A_45_F_9_A_D2,ISOC5,0.06618391,3.3,45.0,9.0
A_45_F_9_A_D3,C2,2.598108626,7.2,45.0,9.0
A_45_F_9_A_D3,ISOC4,0.09018766,7.2,45.0,9.0
A_45_F_9_A_D3,ISOC5,0.137832672,7.2,45.0,9.0
A_45_F_9_A_D4,C2,2.332803063,11.3,45.0,9.0
A_45_F_9_A_D4,C3,0.022109428,11.3,45.0,9.0
A_45_F_9_A_D4,ISOC4,0.0520911,11.3,45.0,9.0
A_45_F_9_A_D4,ISOC5,0.109748792,11.3,45.0,9.0
A_45_F_9_B_D0,C2,0.311951309,0.0,45.0,9.0
A_45_F_9_B_D1,C2,0.488965264,1.2,45.0,9.0
A_45_F_9_B_D2,C2,1.030326864,3.3,45.0,9.0
A_45_F_9_B_D3,C2,1.434484867,7.2,45.0,9.0
A_45_F_9_B_D3,ISOC5,0.030508383,7.2,45.0,9.0
A_45_F_9_B_D4,C2,1.352503776,11.3,45.0,9.0
A_45_F_9_B_D4,ISOC5,0.034188238,11.3,45.0,9.0
A_45_F_9_C_D0,C2,0.313767311,0.0,45.0,9.0
A_45_F_9_C_D1,C2,0.827543619,1.2,45.0,9.0
A_45_F_9_C_D2,C2,1.453373793,3.3,45.0,9.0
A_45_F_9_C_D2,ISOC5,0.123408785,3.3,45.0,9.0
A_45_F_9_C_D3,C2,1.561536655,7.2,45.0,9.0
A_45_F_9_C_D3,C3,0.021986106,7.2,45.0,9.0
A_45_F_9_C_D3,C4,0.011082363,7.2,45.0,9.0
A_45_F_9_C_D3,ISOC4,0.060179039,7.2,45.0,9.0
A_45_F_9_C_D3,ISOC5,0.119808277,7.2,45.0,9.0
A_45_F_9_C_D4,C2,1.710268203,11.3,45.0,9.0
A_45_F_9_C_D4,ISOC4,0.108379894,11.3,45.0,9.0
A_45_F_9_C_D4,ISOC5,0.180875697,11.3,45.0,9.0
A_45_F_9_D_D3,C2,0.075699371,7.2,45.0,9.0
A_45_F_9_INOC_3,C2,2.039237739,54.1,45.0,9.0
A_45_F_9_INOC_3,C3,0.094490684,54.1,45.0,9.0
A_45_F_9_INOC_3,C4,0.031347589,54.1,45.0,9.0
A_45_F_9_INOC_3,ISOC4,0.07435993,54.1,45.0,9.0
A_45_F_9_INOC_3,ISOC5,0.151411959,54.1,45.0,9.0
A_45_M_5_A_D0,C2,0.087311196,0.0,45.0,5.0
A_45_M_5_A_D0,C3,0.0,0.0,45.0,5.0
A_45_M_5_A_D1,C2,0.43483511,0.54,45.0,5.0
A_45_M_5_A_D1,C3,0.135055043,0.54,45.0,5.0
A_45_M_5_A_D1,C4,0.0,0.54,45.0,5.0
A_45_M_5_A_D2,C2,0.735234216,3.48,45.0,5.0
A_45_M_5_A_D2,C3,0.180171334,3.48,45.0,5.0
A_45_M_5_A_D2,C4,0.0,3.48,45.0,5.0
A_45_M_5_A_D3,C2,0.385895513,6.47,45.0,5.0
A_45_M_5_A_D3,C3,0.101462701,6.47,45.0,5.0
A_45_M_5_A_D4,C2,0.556434338,11.29,45.0,5.0
A_45_M_5_A_D4,C3,0.092492537,11.29,45.0,5.0
A_45_M_5_B_4,C2,0.54438276,23.29,45.0,5.0
A_45_M_5_B_4,C3,0.155837177,23.29,45.0,5.0
A_45_M_5_B_4,C4,0.0,23.29,45.0,5.0
A_45_M_5_B_D0,C2,0.582952902,0.0,45.0,5.0
A_45_M_5_B_D0,C3,0.0,0.0,45.0,5.0
A_45_M_5_B_D1,C2,0.435381925,0.54,45.0,5.0
A_45_M_5_B_D1,C3,0.115291542,0.54,45.0,5.0
A_45_M_5_B_D2,C2,0.546941966,3.48,45.0,5.0
A_45_M_5_B_D2,C3,0.0,3.48,45.0,5.0
A_45_M_5_B_D2,C4,0.0,3.48,45.0,5.0
A_45_M_5_B_D3,C2,0.389665522,6.47,45.0,5.0
A_45_M_5_B_D3,C3,0.077372466,6.47,45.0,5.0
A_45_M_5_B_D3,C4,0.0,6.47,45.0,5.0
A_45_M_5_B_D4,C2,0.233110532,11.29,45.0,5.0
A_45_M_5_B_D4,C3,0.157152051,11.29,45.0,5.0
A_45_M_5_B_D4,C4,0.0,11.29,45.0,5.0
A_45_M_5_B_D4,ISOC5,0.003954059,11.29,45.0,5.0
A_45_M_5_C_4,C2,0.387063408,23.29,45.0,5.0
A_45_M_5_C_4,C3,0.253261609,23.29,45.0,5.0
A_45_M_5_C_4,C4,0.007367174,23.29,45.0,5.0
A_45_M_5_C_4,ISOC5,0.008653622,23.29,45.0,5.0
A_45_M_5_C_D0,C2,0.499240915,0.0,45.0,5.0
A_45_M_5_C_D0,C3,0.075096761,0.0,45.0,5.0
A_45_M_5_C_D0,C5,0.200310779,0.0,45.0,5.0
A_45_M_5_C_D1,C2,0.884044798,0.54,45.0,5.0
A_45_M_5_C_D1,C3,0.294343246,0.54,45.0,5.0
A_45_M_5_C_D1,C4,0.064199311,0.54,45.0,5.0
A_45_M_5_C_D2,C2,0.605784,3.48,45.0,5.0
A_45_M_5_C_D2,C3,0.144011638,3.48,45.0,5.0
A_45_M_5_C_D2,C4,0.0,3.48,45.0,5.0
A_45_M_5_C_D3,C2,0.437401062,6.47,45.0,5.0
A_45_M_5_C_D3,C3,0.158899844,6.47,45.0,5.0
A_45_M_5_C_D3,C4,0.0,6.47,45.0,5.0
A_45_M_5_C_D4,C2,0.159426724,11.29,45.0,5.0
A_45_M_5_C_D4,C3,0.099508881,11.29,45.0,5.0
A_45_M_5_C_D4,C4,0.0,11.29,45.0,5.0
A_45_M_5_D_D0,C2,0.123286903,0.0,45.0,5.0
A_45_M_5_D_D1,C2,0.129616091,0.54,45.0,5.0
A_45_M_5_D_D3,C2,0.181583018,6.47,45.0,5.0
A_45_M_5_D_D4,C3,0.098137896,11.29,45.0,5.0
A_45_M_5_INOC_3,C2,0.12373109,54.1,45.0,5.0
A_45_M_5_INOC_3,C3,0.004770128,54.1,45.0,5.0
A_45_M_5_INOC_3,C5,0.133633482,54.1,45.0,5.0
A_45_M_5_INOC_3,ISOC5,0.091792761,54.1,45.0,5.0
A_45_M_7_A_D0,C2,0.232070919,0.0,45.0,7.0
A_45_M_7_A_D0,C7,0.454721067,0.0,45.0,7.0
A_45_M_7_A_D1,C2,0.512253844,0.54,45.0,7.0
A_45_M_7_A_D1,C3,0.141811008,0.54,45.0,7.0
A_45_M_7_A_D2,C2,1.273214036,3.48,45.0,7.0
A_45_M_7_A_D2,C3,0.385500758,3.48,45.0,7.0
A_45_M_7_A_D2,C4,0.0,3.48,45.0,7.0
A_45_M_7_A_D3,C2,0.381828696,6.47,45.0,7.0
A_45_M_7_A_D3,C3,0.559022731,6.47,45.0,7.0
A_45_M_7_A_D3,C4,0.0,6.47,45.0,7.0
A_45_M_7_B_4,C2,0.436621954,23.29,45.0,7.0
A_45_M_7_B_4,C3,0.0,23.29,45.0,7.0
A_45_M_7_B_4,C4,0.0,23.29,45.0,7.0
A_45_M_7_B_D0,C2,0.188989147,0.0,45.0,7.0
A_45_M_7_B_D0,C3,0.0,0.0,45.0,7.0
A_45_M_7_B_D1,C2,0.974415573,0.54,45.0,7.0
A_45_M_7_B_D1,C3,0.067485951,0.54,45.0,7.0
A_45_M_7_B_D2,C2,1.815523315,3.48,45.0,7.0
A_45_M_7_B_D2,C3,0.390515588,3.48,45.0,7.0
A_45_M_7_B_D2,C4,0.0,3.48,45.0,7.0
A_45_M_7_B_D3,C2,0.403827032,6.47,45.0,7.0
A_45_M_7_B_D3,C3,0.635587386,6.47,45.0,7.0
A_45_M_7_B_D3,C4,0.0,6.47,45.0,7.0
A_45_M_7_B_D4,C2,0.279448628,11.29,45.0,7.0
A_45_M_7_B_D4,C3,0.310559555,11.29,45.0,7.0
A_45_M_7_B_D4,C4,0.045948519,11.29,45.0,7.0
A_45_M_7_B_D4,C5,0.111838302,11.29,45.0,7.0
A_45_M_7_B_D4,C6,0.136068448,11.29,45.0,7.0
A_45_M_7_B_D4,C7,0.39517205,11.29,45.0,7.0
A_45_M_7_B_D4,ISOC4,0.048517686,11.29,45.0,7.0
A_45_M_7_B_D4,ISOC5,0.050834331,11.29,45.0,7.0
A_45_M_7_B_D4,ISOC6,0.08954607,11.29,45.0,7.0
A_45_M_7_C_4,ISOC6,0.153730431,23.29,45.0,7.0
A_45_M_7_C_D0,C2,0.086800787,0.0,45.0,7.0
A_45_M_7_C_D0,C3,0.0,0.0,45.0,7.0
A_45_M_7_C_D1,C2,1.006985402,0.54,45.0,7.0
A_45_M_7_C_D1,C3,0.114912479,0.54,45.0,7.0
A_45_M_7_C_D2,C2,0.405958349,3.48,45.0,7.0
A_45_M_7_C_D2,C3,0.270272745,3.48,45.0,7.0
A_45_M_7_C_D3,C2,0.478085127,6.47,45.0,7.0
A_45_M_7_C_D3,C3,0.57740925,6.47,45.0,7.0
A_45_M_7_C_D3,C4,0.0,6.47,45.0,7.0
A_45_M_7_D_D1,C2,0.158494881,0.54,45.0,7.0
A_45_M_7_D_D3,C2,0.0,6.47,45.0,7.0
A_45_M_7_D_D3,C7,0.4569645,6.47,45.0,7.0
A_45_M_7_D_D4,C2,0.305382977,11.29,45.0,7.0
A_45_M_9_A_4,C2,1.165187352,23.29,45.0,9.0
A_45_M_9_A_4,C3,0.041789008,23.29,45.0,9.0
A_45_M_9_A_4,ISOC5,0.004271619,23.29,45.0,9.0
A_45_M_9_A_D0,C2,0.841824656,0.0,45.0,9.0
A_45_M_9_A_D0,C3,0.0,0.0,45.0,9.0
A_45_M_9_A_D1,C2,0.73198921,0.54,45.0,9.0
A_45_M_9_A_D1,C3,0.007988618,0.54,45.0,9.0
A_45_M_9_A_D1,ISOC5,0.033339534,0.54,45.0,9.0
A_45_M_9_A_D2,C2,0.878583535,3.48,45.0,9.0
A_45_M_9_A_D2,C3,0.0,3.48,45.0,9.0
A_45_M_9_A_D3,C2,2.35101266,6.47,45.0,9.0
A_45_M_9_A_D3,C3,0.08243945,6.47,45.0,9.0
A_45_M_9_A_D3,C4,0.0,6.47,45.0,9.0
A_45_M_9_A_D4,C2,1.705379131,11.29,45.0,9.0
A_45_M_9_B_4,C2,3.428870441,23.29,45.0,9.0
A_45_M_9_B_4,C3,0.137670743,23.29,45.0,9.0
A_45_M_9_B_4,C4,0.0,23.29,45.0,9.0
A_45_M_9_B_4,ISOC4,0.013054681,23.29,45.0,9.0
A_45_M_9_B_4,ISOC5,0.03156708,23.29,45.0,9.0
A_45_M_9_B_D0,C2,0.655505814,0.0,45.0,9.0
A_45_M_9_B_D0,C3,0.0,0.0,45.0,9.0
A_45_M_9_B_D1,C2,1.407269568,0.54,45.0,9.0
A_45_M_9_B_D1,C3,0.0,0.54,45.0,9.0
A_45_M_9_B_D1,ISOC5,0.022977284,0.54,45.0,9.0
A_45_M_9_B_D2,C2,1.702663484,3.48,45.0,9.0
A_45_M_9_B_D2,C3,0.03020989,3.48,45.0,9.0
A_45_M_9_B_D2,ISOC5,0.027174316,3.48,45.0,9.0
A_45_M_9_B_D3,C2,2.237169719,6.47,45.0,9.0
A_45_M_9_B_D3,C3,0.096408405,6.47,45.0,9.0
A_45_M_9_B_D3,C4,0.0,6.47,45.0,9.0
A_45_M_9_B_D3,C5,0.11489363,6.47,45.0,9.0
A_45_M_9_B_D3,ISOC5,0.012434906,6.47,45.0,9.0
A_45_M_9_B_D4,C2,2.693488259,11.29,45.0,9.0
A_45_M_9_B_D4,C3,0.170685727,11.29,45.0,9.0
A_45_M_9_B_D4,C4,0.0,11.29,45.0,9.0
A_45_M_9_B_D4,ISOC4,0.005558003,11.29,45.0,9.0
A_45_M_9_B_D4,ISOC5,0.019616595,11.29,45.0,9.0
A_45_M_9_C_4,C2,3.574462042,23.29,45.0,9.0
A_45_M_9_C_4,C3,0.253294114,23.29,45.0,9.0
A_45_M_9_C_4,C4,0.102883765,23.29,45.0,9.0
A_45_M_9_C_4,C5,0.083487582,23.29,45.0,9.0
A_45_M_9_C_4,C6,0.110328333,23.29,45.0,9.0
A_45_M_9_C_4,ISOC4,0.087022272,23.29,45.0,9.0
A_45_M_9_C_4,ISOC5,0.116583618,23.29,45.0,9.0
A_45_M_9_C_4,ISOC6,0.058817435,23.29,45.0,9.0
A_45_M_9_C_D0,C2,0.861146992,0.0,45.0,9.0
A_45_M_9_C_D0,C3,0.0,0.0,45.0,9.0
A_45_M_9_C_D1,C2,0.680651012,0.54,45.0,9.0
A_45_M_9_C_D1,C3,0.016387478,0.54,45.0,9.0
A_45_M_9_C_D1,C4,0.0,0.54,45.0,9.0
A_45_M_9_C_D1,ISOC5,0.021477976,0.54,45.0,9.0
A_45_M_9_C_D2,C2,1.719808865,3.48,45.0,9.0
A_45_M_9_C_D2,C3,0.029047371,3.48,45.0,9.0
A_45_M_9_C_D2,ISOC5,0.037094569,3.48,45.0,9.0
A_45_M_9_C_D3,C2,1.957685267,6.47,45.0,9.0
A_45_M_9_C_D3,C3,0.186542759,6.47,45.0,9.0
A_45_M_9_C_D3,C4,0.0,6.47,45.0,9.0
A_45_M_9_C_D3,C6,0.153788499,6.47,45.0,9.0
A_45_M_9_C_D3,ISOC5,0.012207636,6.47,45.0,9.0
A_45_M_9_C_D4,C2,3.104757041,11.29,45.0,9.0
A_45_M_9_C_D4,C3,0.140384329,11.29,45.0,9.0
A_45_M_9_C_D4,C4,0.0,11.29,45.0,9.0
A_45_M_9_C_D4,ISOC4,0.006920234,11.29,45.0,9.0
A_45_M_9_C_D4,ISOC5,0.020517878,11.29,45.0,9.0
A_45_M_9_D_4,C2,0.142496043,23.29,45.0,9.0
A_45_M_9_D_4,C3,0.034012572,23.29,45.0,9.0
A_45_M_9_D_D0,C2,0.074872136,0.0,45.0,9.0
A_45_M_9_D_D1,C2,0.689762437,0.54,45.0,9.0
A_45_M_9_D_D1,C3,0.0,0.54,45.0,9.0
A_45_M_9_D_D2,C2,0.554447723,3.48,45.0,9.0
A_45_M_9_D_D2,C3,0.3412088,3.48,45.0,9.0
A_45_M_9_D_D2,C4,0.23086245,3.48,45.0,9.0
A_45_M_9_D_D3,C2,0.02671065,6.47,45.0,9.0
B_35_F_5_A_D0,C2,0.288419886,0.0,35.0,5.0
B_35_F_5_A_D0,C3,0.185172569,0.0,35.0,5.0
B_35_F_5_A_D0,C4,0.0,0.0,35.0,5.0
B_35_F_5_A_D0,ISOC4,0.078359698,0.0,35.0,5.0
B_35_F_5_A_D0,ISOC5,0.055957595,0.0,35.0,5.0
B_35_F_5_A_D1,C2,0.179591861,1.7,35.0,5.0
B_35_F_5_A_D1,C3,0.154455343,1.7,35.0,5.0
B_35_F_5_A_D1,C4,1.0028072,1.7,35.0,5.0
B_35_F_5_A_D1,ISOC5,0.001714065,1.7,35.0,5.0
B_35_F_5_A_D2,C2,0.455677982,4.8,35.0,5.0
B_35_F_5_A_D2,C3,0.200014775,4.8,35.0,5.0
B_35_F_5_A_D2,C4,1.028579721,4.8,35.0,5.0
B_35_F_5_A_D2,ISOC4,0.086707221,4.8,35.0,5.0
B_35_F_5_A_D2,ISOC5,0.090248418,4.8,35.0,5.0
B_35_F_5_A_D3,C2,1.060992996,10.7,35.0,5.0
B_35_F_5_A_D3,C3,0.32326962,10.7,35.0,5.0
B_35_F_5_A_D3,C4,1.322880538,10.7,35.0,5.0
B_35_F_5_A_D3,C6,0.140723663,10.7,35.0,5.0
B_35_F_5_A_D3,ISOC4,0.086707221,10.7,35.0,5.0
B_35_F_5_A_D3,ISOC5,0.101678692,10.7,35.0,5.0
B_35_F_5_A_D4,C2,0.63886542,13.7,35.0,5.0
B_35_F_5_A_D4,C3,0.273580494,13.7,35.0,5.0
B_35_F_5_A_D4,C4,0.940289475,13.7,35.0,5.0
B_35_F_5_A_D4,ISOC4,0.11174979,13.7,35.0,5.0
B_35_F_5_A_D4,ISOC5,0.086438326,13.7,35.0,5.0
B_35_F_5_A_D5,C2,1.220286421,20.7,35.0,5.0
B_35_F_5_A_D5,C3,0.306491474,20.7,35.0,5.0
B_35_F_5_A_D5,C4,1.140414031,20.7,35.0,5.0
B_35_F_5_A_D5,C6,0.174898172,20.7,35.0,5.0
B_35_F_5_A_D5,ISOC4,0.128444837,20.7,35.0,5.0
B_35_F_5_A_D5,ISOC5,0.124539241,20.7,35.0,5.0
B_35_F_5_A_D6,C2,1.184925,26.8,35.0,5.0
B_35_F_5_A_D6,C3,0.413072506,26.8,35.0,5.0
B_35_F_5_A_D6,C4,1.291890707,26.8,35.0,5.0
B_35_F_5_A_D6,ISOC4,0.141345111,26.8,35.0,5.0
B_35_F_5_A_D6,ISOC5,0.104957634,26.8,35.0,5.0
B_35_F_5_B_D0,C2,0.223665476,0.0,35.0,5.0
B_35_F_5_B_D0,C3,0.060759423,0.0,35.0,5.0
B_35_F_5_B_D0,C4,0.0,0.0,35.0,5.0
B_35_F_5_B_D1,C2,0.29629508,1.7,35.0,5.0
B_35_F_5_B_D1,C3,0.193465251,1.7,35.0,5.0
B_35_F_5_B_D1,C4,1.207175409,1.7,35.0,5.0
B_35_F_5_B_D1,ISOC5,0.025440485,1.7,35.0,5.0
B_35_F_5_B_D2,C2,0.920748165,4.8,35.0,5.0
B_35_F_5_B_D2,C3,0.270161568,4.8,35.0,5.0
B_35_F_5_B_D2,C4,1.253894603,4.8,35.0,5.0
B_35_F_5_B_D2,ISOC5,0.055275615,4.8,35.0,5.0
B_35_F_5_B_D3,C2,1.673183198,10.7,35.0,5.0
B_35_F_5_B_D3,C3,0.417177314,10.7,35.0,5.0
B_35_F_5_B_D3,C4,1.291890707,10.7,35.0,5.0
B_35_F_5_B_D3,C6,0.190110462,10.7,35.0,5.0
B_35_F_5_B_D3,ISOC4,0.090161446,10.7,35.0,5.0
B_35_F_5_B_D3,ISOC5,0.114312592,10.7,35.0,5.0
B_35_F_5_B_D4,C2,1.299933133,13.7,35.0,5.0
B_35_F_5_B_D4,C3,0.389736892,13.7,35.0,5.0
B_35_F_5_B_D4,C4,1.422942816,13.7,35.0,5.0
B_35_F_5_B_D4,C6,0.144307439,13.7,35.0,5.0
B_35_F_5_B_D4,ISOC4,0.124271075,13.7,35.0,5.0
B_35_F_5_B_D4,ISOC5,0.132159424,13.7,35.0,5.0
B_35_F_5_B_D5,C2,1.171697933,20.7,35.0,5.0
B_35_F_5_B_D5,C3,0.400038465,20.7,35.0,5.0
B_35_F_5_B_D5,C4,1.195951356,20.7,35.0,5.0
B_35_F_5_B_D5,C6,0.192952136,20.7,35.0,5.0
B_35_F_5_B_D5,ISOC4,0.125990012,20.7,35.0,5.0
B_35_F_5_B_D5,ISOC5,0.06063177,20.7,35.0,5.0
B_35_F_5_B_D6,C2,1.522487932,26.8,35.0,5.0
B_35_F_5_B_D6,C3,0.439430032,26.8,35.0,5.0
B_35_F_5_B_D6,C4,1.408409927,26.8,35.0,5.0
B_35_F_5_B_D6,C6,0.172840148,26.8,35.0,5.0
B_35_F_5_B_D6,ISOC4,0.141345111,26.8,35.0,5.0
B_35_F_5_B_D6,ISOC5,0.130261786,26.8,35.0,5.0
B_35_F_5_C_D0,C2,0.306060244,0.0,35.0,5.0
B_35_F_5_C_D0,C3,0.049112819,0.0,35.0,5.0
B_35_F_5_C_D1,C2,0.256561201,1.7,35.0,5.0
B_35_F_5_C_D1,C3,0.178719436,1.7,35.0,5.0
B_35_F_5_C_D1,C4,0.869657279,1.7,35.0,5.0
B_35_F_5_C_D2,C2,0.439536244,4.8,35.0,5.0
B_35_F_5_C_D2,C3,0.236957725,4.8,35.0,5.0
B_35_F_5_C_D2,C4,0.828977459,4.8,35.0,5.0
B_35_F_5_C_D2,C6,0.230952569,4.8,35.0,5.0
B_35_F_5_C_D2,ISOC5,0.02849484,4.8,35.0,5.0
B_35_F_5_C_D3,C2,0.822706858,10.7,35.0,5.0
B_35_F_5_C_D3,C3,0.321598667,10.7,35.0,5.0
B_35_F_5_C_D3,C4,0.745281658,10.7,35.0,5.0
B_35_F_5_C_D3,C5,0.075966988,10.7,35.0,5.0
B_35_F_5_C_D3,C6,0.381054422,10.7,35.0,5.0
B_35_F_5_C_D3,ISOC4,0.059451247,10.7,35.0,5.0
B_35_F_5_C_D3,ISOC5,0.055275615,10.7,35.0,5.0
B_35_F_5_C_D4,C2,0.901699571,13.7,35.0,5.0
B_35_F_5_C_D4,C3,0.329722753,13.7,35.0,5.0
B_35_F_5_C_D4,C4,0.698962805,13.7,35.0,5.0
B_35_F_5_C_D4,C5,0.035208686,13.7,35.0,5.0
B_35_F_5_C_D4,C6,0.183114307,13.7,35.0,5.0
B_35_F_5_C_D4,ISOC4,0.11174979,13.7,35.0,5.0
B_35_F_5_C_D4,ISOC5,0.124539241,13.7,35.0,5.0
B_35_F_5_C_D5,C2,1.38022828,20.7,35.0,5.0
B_35_F_5_C_D5,C3,0.400073946,20.7,35.0,5.0
B_35_F_5_C_D5,C4,0.626270508,20.7,35.0,5.0
B_35_F_5_C_D5,C5,0.117209754,20.7,35.0,5.0
B_35_F_5_C_D5,C6,0.282959012,20.7,35.0,5.0
B_35_F_5_C_D5,ISOC4,0.125990012,20.7,35.0,5.0
B_35_F_5_C_D5,ISOC5,0.090925196,20.7,35.0,5.0
B_35_F_5_C_D6,C2,0.901699571,26.8,35.0,5.0
B_35_F_5_C_D6,C3,0.314880547,26.8,35.0,5.0
B_35_F_5_C_D6,C4,0.54592638,26.8,35.0,5.0
B_35_F_5_C_D6,C5,0.063502172,26.8,35.0,5.0
B_35_F_5_C_D6,C6,0.315423251,26.8,35.0,5.0
B_35_F_5_C_D6,ISOC4,0.178529975,26.8,35.0,5.0
B_35_F_5_C_D6,ISOC5,0.143589698,26.8,35.0,5.0
B_35_F_5_D_D2,C2,0.120522129,4.8,35.0,5.0
B_35_F_5_D_D3,C2,0.102843046,10.7,35.0,5.0
B_35_F_7_A_D0,C2,0.120522129,0.0,35.0,7.0
B_35_F_7_A_D1,C2,2.259093036,1.7,35.0,7.0
B_35_F_7_A_D1,C3,0.32003018,1.7,35.0,7.0
B_35_F_7_A_D1,C4,0.571810674,1.7,35.0,7.0
B_35_F_7_A_D1,ISOC4,0.05433288,1.7,35.0,7.0
B_35_F_7_A_D1,ISOC5,0.053505361,1.7,35.0,7.0
B_35_F_7_A_D2,C2,1.937106832,4.8,35.0,7.0
B_35_F_7_A_D2,C3,0.52331675,4.8,35.0,7.0
B_35_F_7_A_D2,C4,0.869657279,4.8,35.0,7.0
B_35_F_7_A_D2,ISOC4,0.095054744,4.8,35.0,7.0
B_35_F_7_A_D2,ISOC5,0.113108966,4.8,35.0,7.0
B_35_F_7_A_D3,C2,0.296384557,10.7,35.0,7.0
B_35_F_7_A_D3,C3,0.502666724,10.7,35.0,7.0
B_35_F_7_A_D3,ISOC4,0.095054744,10.7,35.0,7.0
B_35_F_7_A_D4,C3,0.496858904,13.7,35.0,7.0
B_35_F_7_A_D4,ISOC4,0.082533459,13.7,35.0,7.0
B_35_F_7_A_D5,C2,0.18498863,20.7,35.0,7.0
B_35_F_7_A_D5,C3,0.053813901,20.7,35.0,7.0
B_35_F_7_B_D1,C2,1.702380239,1.7,35.0,7.0
B_35_F_7_B_D1,C3,0.366965713,1.7,35.0,7.0
B_35_F_7_B_D1,C4,0.713090966,1.7,35.0,7.0
B_35_F_7_B_D1,ISOC4,0.05433288,1.7,35.0,7.0
B_35_F_7_B_D1,ISOC5,0.0,1.7,35.0,7.0
B_35_F_7_B_D2,C2,1.777813407,4.8,35.0,7.0
B_35_F_7_B_D2,C3,0.539449583,4.8,35.0,7.0
B_35_F_7_B_D2,C4,0.910859394,4.8,35.0,7.0
B_35_F_7_B_D2,ISOC4,0.095054744,4.8,35.0,7.0
B_35_F_7_B_D2,ISOC5,0.116919058,4.8,35.0,7.0
B_35_F_7_B_D3,C2,0.130287293,10.7,35.0,7.0
B_35_F_7_B_D3,C3,0.452068187,10.7,35.0,7.0
B_35_F_7_B_D3,ISOC4,0.05433288,10.7,35.0,7.0
B_35_F_7_B_D4,C2,0.159582784,13.7,35.0,7.0
B_35_F_7_B_D4,C3,0.163363322,13.7,35.0,7.0
B_35_F_7_B_D5,C3,0.50226787,20.7,35.0,7.0
B_35_F_7_B_D5,ISOC5,0.023138685,20.7,35.0,7.0
B_35_F_7_C_D1,C2,2.176046969,1.7,35.0,7.0
B_35_F_7_C_D1,C3,0.358116539,1.7,35.0,7.0
B_35_F_7_C_D1,C4,0.98149159,1.7,35.0,7.0
B_35_F_7_C_D1,ISOC4,0.082533459,1.7,35.0,7.0
B_35_F_7_C_D1,ISOC5,0.090248418,1.7,35.0,7.0
B_35_F_7_C_D2,C2,1.966138117,4.8,35.0,7.0
B_35_F_7_C_D2,C3,0.541005704,4.8,35.0,7.0
B_35_F_7_C_D2,C4,0.505248654,4.8,35.0,7.0
B_35_F_7_C_D2,ISOC4,0.074806346,4.8,35.0,7.0
B_35_F_7_C_D2,ISOC5,0.072215279,4.8,35.0,7.0
B_35_F_7_C_D3,C3,0.452068187,10.7,35.0,7.0
B_35_F_7_C_D3,ISOC5,0.034795444,10.7,35.0,7.0
B_35_F_7_C_D4,C3,0.523962063,13.7,35.0,7.0
B_35_F_7_C_D5,C3,0.095474017,20.7,35.0,7.0
B_35_F_7_C_D6,C2,0.09886071,26.8,35.0,7.0
B_35_F_9_A_D0,C2,0.256561201,0.0,35.0,9.0
B_35_F_9_A_D0,C3,0.012744849,0.0,35.0,9.0
B_35_F_9_A_D1,C2,1.140639708,1.7,35.0,9.0
B_35_F_9_A_D1,C3,0.078695871,1.7,35.0,9.0
B_35_F_9_A_D1,C4,0.13213943,1.7,35.0,9.0
B_35_F_9_A_D1,ISOC4,0.077942322,1.7,35.0,9.0
B_35_F_9_A_D1,ISOC5,0.090248418,1.7,35.0,9.0
B_35_F_9_A_D2,C2,3.16850254,4.8,35.0,9.0
B_35_F_9_A_D2,C3,0.670328448,4.8,35.0,9.0
B_35_F_9_A_D2,C4,0.0873039,4.8,35.0,9.0
B_35_F_9_A_D2,ISOC4,0.05433288,4.8,35.0,9.0
B_35_F_9_A_D2,ISOC5,0.076700235,4.8,35.0,9.0
B_35_F_9_A_D3,C2,3.235609432,10.7,35.0,9.0
B_35_F_9_A_D3,C3,0.808502392,10.7,35.0,9.0
B_35_F_9_A_D3,C4,0.149444403,10.7,35.0,9.0
B_35_F_9_A_D3,ISOC4,0.06968798,10.7,35.0,9.0
B_35_F_9_A_D3,ISOC5,0.086247716,10.7,35.0,9.0
B_35_F_9_A_D4,C2,3.72386763,13.7,35.0,9.0
B_35_F_9_A_D4,C3,0.726406222,13.7,35.0,9.0
B_35_F_9_A_D4,C4,0.09377435,13.7,35.0,9.0
B_35_F_9_A_D4,ISOC4,0.074806346,13.7,35.0,9.0
B_35_F_9_A_D4,ISOC5,0.114312592,13.7,35.0,9.0
B_35_F_9_A_D5,C2,2.574280531,20.7,35.0,9.0
B_35_F_9_A_D5,C3,0.772407692,20.7,35.0,9.0
B_35_F_9_A_D5,C4,0.149208878,20.7,35.0,9.0
B_35_F_9_A_D5,ISOC4,0.11174979,20.7,35.0,9.0
B_35_F_9_A_D5,ISOC5,0.166450247,20.7,35.0,9.0
B_35_F_9_A_D6,C2,3.312416385,26.8,35.0,9.0
B_35_F_9_A_D6,C3,0.746677573,26.8,35.0,9.0
B_35_F_9_A_D6,C4,0.0,26.8,35.0,9.0
B_35_F_9_A_D6,ISOC4,0.074806346,26.8,35.0,9.0
B_35_F_9_A_D6,ISOC5,0.092768701,26.8,35.0,9.0
B_35_F_9_B_D0,C2,0.288419886,0.0,35.0,9.0
B_35_F_9_B_D0,C3,0.039331758,0.0,35.0,9.0
B_35_F_9_B_D1,C2,0.798158845,1.7,35.0,9.0
B_35_F_9_B_D1,C3,0.166458483,1.7,35.0,9.0
B_35_F_9_B_D1,C4,0.130373625,1.7,35.0,9.0
B_35_F_9_B_D1,ISOC4,0.077524946,1.7,35.0,9.0
B_35_F_9_B_D1,ISOC5,0.082628235,1.7,35.0,9.0
B_35_F_9_B_D2,C2,3.333261072,4.8,35.0,9.0
B_35_F_9_B_D2,C3,0.627890818,4.8,35.0,9.0
B_35_F_9_B_D2,C4,0.07683129,4.8,35.0,9.0
B_35_F_9_B_D2,ISOC4,0.05433288,4.8,35.0,9.0
B_35_F_9_B_D2,ISOC5,0.053505361,4.8,35.0,9.0
B_35_F_9_B_D3,C2,2.813220668,10.7,35.0,9.0
B_35_F_9_B_D3,C3,0.746595159,10.7,35.0,9.0
B_35_F_9_B_D3,C4,0.260454587,10.7,35.0,9.0
B_35_F_9_B_D3,ISOC4,0.090880983,10.7,35.0,9.0
B_35_F_9_B_D3,ISOC5,0.105488784,10.7,35.0,9.0
B_35_F_9_B_D4,C2,3.82151927,13.7,35.0,9.0
B_35_F_9_B_D4,C3,0.719564874,13.7,35.0,9.0
B_35_F_9_B_D4,C4,0.032658313,13.7,35.0,9.0
B_35_F_9_B_D4,ISOC4,0.074806346,13.7,35.0,9.0
B_35_F_9_B_D4,ISOC5,0.076892758,13.7,35.0,9.0
B_35_F_9_B_D5,C2,2.972514093,20.7,35.0,9.0
B_35_F_9_B_D5,C3,0.759501426,20.7,35.0,9.0
B_35_F_9_B_D5,C4,0.195708407,20.7,35.0,9.0
B_35_F_9_B_D5,ISOC4,0.099228506,20.7,35.0,9.0
B_35_F_9_B_D5,ISOC5,0.128349332,20.7,35.0,9.0
B_35_F_9_B_D6,C2,2.972514093,26.8,35.0,9.0
B_35_F_9_B_D6,C3,0.694970094,26.8,35.0,9.0
B_35_F_9_B_D6,C4,0.135082438,26.8,35.0,9.0
B_35_F_9_B_D6,ISOC4,0.099228506,26.8,35.0,9.0
B_35_F_9_B_D6,ISOC5,0.124539241,26.8,35.0,9.0
B_35_F_9_C_D0,C2,0.160985146,0.0,35.0,9.0
B_35_F_9_C_D0,C3,0.029006745,0.0,35.0,9.0
B_35_F_9_C_D1,C2,1.140639708,1.7,35.0,9.0
B_35_F_9_C_D1,C3,0.372313432,1.7,35.0,9.0
B_35_F_9_C_D1,C4,0.092703121,1.7,35.0,9.0
B_35_F_9_C_D1,ISOC4,0.082533459,1.7,35.0,9.0
B_35_F_9_C_D1,ISOC5,0.07119796,1.7,35.0,9.0
B_35_F_9_C_D2,C2,2.89286738,4.8,35.0,9.0
B_35_F_9_C_D2,C3,0.68851696,4.8,35.0,9.0
B_35_F_9_C_D2,C4,0.100354942,4.8,35.0,9.0
B_35_F_9_C_D2,ISOC4,0.086707221,4.8,35.0,9.0
B_35_F_9_C_D2,ISOC5,0.086438326,4.8,35.0,9.0
B_35_F_9_C_D3,C2,2.817712541,10.7,35.0,9.0
B_35_F_9_C_D3,C3,0.733594288,10.7,35.0,9.0
B_35_F_9_C_D3,C4,0.0,10.7,35.0,9.0
B_35_F_9_C_D3,ISOC4,0.079924713,10.7,35.0,9.0
B_35_F_9_C_D3,ISOC5,0.033850995,10.7,35.0,9.0
B_35_F_9_C_D4,C2,2.574280531,13.7,35.0,9.0
B_35_F_9_C_D4,C3,0.643345028,13.7,35.0,9.0
B_35_F_9_C_D4,C4,0.192765399,13.7,35.0,9.0
B_35_F_9_C_D4,ISOC4,0.103402267,13.7,35.0,9.0
B_35_F_9_C_D4,ISOC5,0.124539241,13.7,35.0,9.0
B_35_F_9_C_D5,C2,3.137957793,20.7,35.0,9.0
B_35_F_9_C_D5,C3,0.767454307,20.7,35.0,9.0
B_35_F_9_C_D5,C4,0.0,20.7,35.0,9.0
B_35_F_9_C_D5,ISOC4,0.090161446,20.7,35.0,9.0
B_35_F_9_C_D5,ISOC5,0.053505361,20.7,35.0,9.0
B_35_F_9_C_D6,C2,3.919170909,26.8,35.0,9.0
B_35_F_9_C_D6,C3,0.863233172,26.8,35.0,9.0
B_35_F_9_C_D6,C4,0.11858383,26.8,35.0,9.0
B_35_F_9_C_D6,ISOC4,0.064569613,26.8,35.0,9.0
B_35_F_9_C_D6,ISOC5,0.06286032,26.8,35.0,9.0
B_35_F_9_D_D0,C2,0.160985146,0.0,35.0,9.0
B_35_F_9_D_D1,C2,0.316310014,1.7,35.0,9.0
B_35_F_9_D_D2,C2,0.145055804,4.8,35.0,9.0
B_35_M_5_A_D0,C2,0.3,0.0,35.0,5.0
B_35_M_5_A_D0,C3,0.0,0.0,35.0,5.0
B_35_M_5_A_D1,C3,0.0,1.5,35.0,5.0
B_35_M_5_A_D2,C2,0.4,5.7,35.0,5.0
B_35_M_5_A_D3,C2,0.3,11.7,35.0,5.0
B_35_M_5_A_D3,C3,0.1,11.7,35.0,5.0
B_35_M_5_A_D3,C4,0.0,11.7,35.0,5.0
B_35_M_5_A_D4,C2,0.7,11.7,35.0,5.0
B_35_M_5_A_D4,C3,0.3,11.7,35.0,5.0
B_35_M_5_A_D4,C4,0.1,11.7,35.0,5.0
B_35_M_5_A_D5,C2,0.2,24.7,35.0,5.0
B_35_M_5_A_D5,C3,0.1,24.7,35.0,5.0
B_35_M_5_B_D0,C3,0.0,0.0,35.0,5.0
B_35_M_5_B_D1,C2,0.3,1.5,35.0,5.0
B_35_M_5_B_D1,C3,0.0,1.5,35.0,5.0
B_35_M_5_B_D2,C2,0.3,5.7,35.0,5.0
B_35_M_5_B_D2,C3,0.1,5.7,35.0,5.0
B_35_M_5_B_D3,C2,0.5,11.7,35.0,5.0
B_35_M_5_B_D3,C3,0.1,11.7,35.0,5.0
B_35_M_5_B_D3,C4,0.0,11.7,35.0,5.0
B_35_M_5_B_D4,C2,0.4,11.7,35.0,5.0
B_35_M_5_B_D4,C3,0.1,11.7,35.0,5.0
B_35_M_5_B_D5,C2,0.4,24.7,35.0,5.0
B_35_M_5_B_D5,C3,0.1,24.7,35.0,5.0
B_35_M_5_C_D0,C3,0.1,0.0,35.0,5.0
B_35_M_5_C_D1,C3,0.0,1.5,35.0,5.0
B_35_M_5_C_D2,C2,0.4,5.7,35.0,5.0
B_35_M_5_C_D2,C3,0.0,5.7,35.0,5.0
B_35_M_5_C_D4,C2,0.4,11.7,35.0,5.0
B_35_M_5_D_D0,C2,0.3,0.0,35.0,5.0
B_35_M_5_D_D0,C3,0.6,0.0,35.0,5.0
B_35_M_5_D_D0,C4,0.3,0.0,35.0,5.0
B_35_M_5_D_D4,C2,0.1,11.7,35.0,5.0
B_35_M_7_A_D1,C2,0.6,1.5,35.0,7.0
B_35_M_7_A_D1,C3,0.3,1.5,35.0,7.0
B_35_M_7_A_D1,C4,0.2,1.5,35.0,7.0
B_35_M_7_A_D2,C2,0.8,5.7,35.0,7.0
B_35_M_7_A_D2,C3,0.4,5.7,35.0,7.0
B_35_M_7_A_D3,C2,1.7,11.7,35.0,7.0
B_35_M_7_A_D3,C3,0.9,11.7,35.0,7.0
B_35_M_7_A_D4,C2,0.3,11.7,35.0,7.0
B_35_M_7_A_D4,C3,0.8,11.7,35.0,7.0
B_35_M_7_A_D5,C2,0.1,24.7,35.0,7.0
B_35_M_7_B_D0,C2,0.2,0.0,35.0,7.0
B_35_M_7_B_D1,C2,1.0,1.5,35.0,7.0
B_35_M_7_B_D1,C3,0.4,1.5,35.0,7.0
B_35_M_7_B_D1,C4,0.1,1.5,35.0,7.0
B_35_M_7_B_D2,C2,1.3,5.7,35.0,7.0
B_35_M_7_B_D2,C3,0.8,5.7,35.0,7.0
B_35_M_7_B_D2,C4,0.0,5.7,35.0,7.0
B_35_M_7_B_D3,C2,0.5,11.7,35.0,7.0
B_35_M_7_B_D3,C3,0.8,11.7,35.0,7.0
B_35_M_7_B_D3,C4,0.1,11.7,35.0,7.0
B_35_M_7_B_D4,C2,0.4,11.7,35.0,7.0
B_35_M_7_B_D4,C3,0.4,11.7,35.0,7.0
B_35_M_7_C_D0,C2,0.2,0.0,35.0,7.0
B_35_M_7_C_D1,C2,0.8,1.5,35.0,7.0
B_35_M_7_C_D1,C3,0.2,1.5,35.0,7.0
B_35_M_7_C_D1,ISOC5,0.0,1.5,35.0,7.0
B_35_M_7_C_D2,C2,0.9,5.7,35.0,7.0
B_35_M_7_C_D2,C3,0.6,5.7,35.0,7.0
B_35_M_7_C_D3,C2,0.5,11.7,35.0,7.0
B_35_M_7_C_D3,C3,0.6,11.7,35.0,7.0
B_35_M_7_C_D3,C4,0.0,11.7,35.0,7.0
B_35_M_7_C_D4,C2,0.4,11.7,35.0,7.0
B_35_M_7_C_D4,C3,0.2,11.7,35.0,7.0
B_35_M_7_D_D5,C2,0.3,24.7,35.0,7.0
B_35_M_9_A_D0,C2,0.6,0.0,35.0,9.0
B_35_M_9_A_D0,C3,0.0,0.0,35.0,9.0
B_35_M_9_A_D1,C2,0.5,1.5,35.0,9.0
B_35_M_9_A_D1,C3,0.1,1.5,35.0,9.0
B_35_M_9_A_D2,C2,1.1,5.7,35.0,9.0
B_35_M_9_A_D2,C3,0.2,5.7,35.0,9.0
B_35_M_9_A_D2,ISOC5,0.0,5.7,35.0,9.0
B_35_M_9_A_D3,C2,0.9,11.7,35.0,9.0
B_35_M_9_A_D3,C3,0.3,11.7,35.0,9.0
B_35_M_9_A_D3,ISOC5,0.1,11.7,35.0,9.0
B_35_M_9_A_D4,C2,1.6,11.7,35.0,9.0
B_35_M_9_A_D4,C3,0.3,11.7,35.0,9.0
B_35_M_9_A_D4,ISOC5,0.0,11.7,35.0,9.0
B_35_M_9_A_D5,C2,1.7,24.7,35.0,9.0
B_35_M_9_A_D5,C3,0.5,24.7,35.0,9.0
B_35_M_9_B_D0,C2,1.1,0.0,35.0,9.0
B_35_M_9_B_D0,C3,0.1,0.0,35.0,9.0
B_35_M_9_B_D1,C2,0.8,1.5,35.0,9.0
B_35_M_9_B_D1,C3,0.1,1.5,35.0,9.0
B_35_M_9_B_D1,ISOC5,0.0,1.5,35.0,9.0
B_35_M_9_B_D2,C2,0.7,5.7,35.0,9.0
B_35_M_9_B_D2,C3,0.2,5.7,35.0,9.0
B_35_M_9_B_D2,C4,0.1,5.7,35.0,9.0
B_35_M_9_B_D3,C2,0.4,11.7,35.0,9.0
B_35_M_9_B_D4,C2,0.9,11.7,35.0,9.0
B_35_M_9_B_D5,C2,0.6,24.7,35.0,9.0
B_35_M_9_C_D0,C2,0.8,0.0,35.0,9.0
B_35_M_9_C_D0,C3,0.0,0.0,35.0,9.0
B_35_M_9_C_D1,C2,0.9,1.5,35.0,9.0
B_35_M_9_C_D1,C3,0.1,1.5,35.0,9.0
B_35_M_9_C_D1,ISOC5,0.0,1.5,35.0,9.0
B_35_M_9_C_D2,C2,0.6,5.7,35.0,9.0
B_35_M_9_C_D2,C3,0.7,5.7,35.0,9.0
B_35_M_9_C_D2,C4,0.4,5.7,35.0,9.0
B_35_M_9_C_D2,ISOC5,0.1,5.7,35.0,9.0
B_35_M_9_C_D3,C2,1.7,11.7,35.0,9.0
B_35_M_9_C_D3,C3,0.3,11.7,35.0,9.0
B_35_M_9_C_D3,ISOC5,0.1,11.7,35.0,9.0
B_35_M_9_C_D4,C2,2.0,11.7,35.0,9.0
B_35_M_9_C_D4,C3,0.4,11.7,35.0,9.0
B_35_M_9_C_D4,ISOC5,0.0,11.7,35.0,9.0
B_35_M_9_C_D5,C2,3.2,24.7,35.0,9.0
B_35_M_9_C_D5,C3,0.6,24.7,35.0,9.0
B_35_M_9_C_D5,C4,0.0,24.7,35.0,9.0
B_35_M_9_C_D5,ISOC5,0.1,24.7,35.0,9.0
B_35_M_9_D_D0,C2,0.5,0.0,35.0,9.0
B_35_M_9_D_D1,C2,0.6,1.5,35.0,9.0
B_35_M_9_D_D1,C3,0.1,1.5,35.0,9.0
B_35_M_9_D_D2,C2,0.4,5.7,35.0,9.0
B_35_M_9_D_D3,C2,0.3,11.7,35.0,9.0
B_35_M_9_D_D4,C2,0.5,11.7,35.0,9.0
B_35_M_9_D_D4,ISOC5,0.1,11.7,35.0,9.0
B_35_M_9_D_D5,C2,0.3,24.7,35.0,9.0
B_35_M_9_D_D5,ISOC5,0.0,24.7,35.0,9.0
B_45_F_5_A_D0,C2,0.256561201,0.0,45.0,5.0
B_45_F_5_A_D0,C3,0.085149004,0.0,45.0,5.0
B_45_F_5_A_D0,C4,0.005590079,0.0,45.0,5.0
B_45_F_5_A_D0,C5,0.07497206,0.0,45.0,5.0
B_45_F_5_A_D0,C6,0.166744888,0.0,45.0,5.0
B_45_F_5_A_D0,C7,0.332924845,0.0,45.0,5.0
B_45_F_5_A_D0,ISOC5,0.063577777,0.0,45.0,5.0
B_45_F_5_A_D1,C2,0.265040706,1.7,45.0,5.0
B_45_F_5_A_D1,C3,0.123230423,1.7,45.0,5.0
B_45_F_5_A_D1,C4,0.0,1.7,45.0,5.0
B_45_F_5_A_D1,C5,0.039146234,1.7,45.0,5.0
B_45_F_5_A_D1,C6,0.17432205,1.7,45.0,5.0
B_45_F_5_A_D1,C7,0.387615481,1.7,45.0,5.0
B_45_F_5_A_D2,C2,0.276764752,4.8,45.0,5.0
B_45_F_5_A_D2,C3,0.248196031,4.8,45.0,5.0
B_45_F_5_A_D2,C4,0.210560439,4.8,45.0,5.0
B_45_F_5_A_D2,C5,0.492909377,4.8,45.0,5.0
B_45_F_5_A_D2,C6,0.366348262,4.8,45.0,5.0
B_45_F_5_A_D2,C7,0.559529789,4.8,45.0,5.0
B_45_F_5_A_D2,ISOC4,0.059451247,4.8,45.0,5.0
B_45_F_5_A_D2,ISOC5,0.13302251,4.8,45.0,5.0
B_45_F_5_A_D3,C2,0.507448345,10.2,45.0,5.0
B_45_F_5_A_D3,C3,0.2038866555,10.2,45.0,5.0
B_45_F_5_A_D3,C4,0.257217278,10.2,45.0,5.0
B_45_F_5_A_D3,C5,0.45721453300000003,10.2,45.0,5.0
B_45_F_5_A_D3,C6,0.6015744185,10.2,45.0,5.0
B_45_F_5_A_D3,C7,0.4682626815,10.2,45.0,5.0
B_45_F_5_A_D3,ISOC4,0.105489148,10.2,45.0,5.0
B_45_F_5_A_D3,ISOC5,0.19121584149999998,10.2,45.0,5.0
B_45_F_5_A_D4,C2,0.431783968,13.7,45.0,5.0
B_45_F_5_A_D4,C3,0.232925755,13.7,45.0,5.0
B_45_F_5_A_D4,C4,0.266340603,13.7,45.0,5.0
B_45_F_5_A_D4,C5,0.488533341,13.7,45.0,5.0
B_45_F_5_A_D4,C6,0.651409438,13.7,45.0,5.0
B_45_F_5_A_D4,C7,0.508504554,13.7,45.0,5.0
B_45_F_5_A_D4,ISOC4,0.120097313,13.7,45.0,5.0
B_45_F_5_A_D4,ISOC5,0.219791527,13.7,45.0,5.0
B_45_F_5_A_D5,C2,0.320278571,20.7,45.0,5.0
B_45_F_5_A_D5,C3,0.227117935,20.7,45.0,5.0
B_45_F_5_A_D5,C4,0.223961285,20.7,45.0,5.0
B_45_F_5_A_D5,C5,0.36688833,20.7,45.0,5.0
B_45_F_5_A_D5,C6,0.353185653,20.7,45.0,5.0
B_45_F_5_A_D5,ISOC4,0.115923552,20.7,45.0,5.0
B_45_F_5_A_D5,ISOC5,0.223601619,20.7,45.0,5.0
B_45_F_5_A_D6,C2,0.618545491,26.8,45.0,5.0
B_45_F_5_A_D6,C3,0.284455173,26.8,45.0,5.0
B_45_F_5_A_D6,C4,0.203904237,26.8,45.0,5.0
B_45_F_5_A_D6,C5,0.459238734,26.8,45.0,5.0
B_45_F_5_A_D6,C6,0.56950803,26.8,45.0,5.0
B_45_F_5_A_D6,C7,0.601313275,26.8,45.0,5.0
B_45_F_5_A_D6,ISOC4,0.095279812,26.8,45.0,5.0
B_45_F_5_A_D6,ISOC5,0.19850722,26.8,45.0,5.0
B_45_F_5_B_D0,C2,0.272236399,0.0,45.0,5.0
B_45_F_5_B_D0,C3,0.031156635,0.0,45.0,5.0
B_45_F_5_B_D0,C4,0.0,0.0,45.0,5.0
B_45_F_5_B_D0,C5,0.052554981,0.0,45.0,5.0
B_45_F_5_B_D0,C6,0.164267468,0.0,45.0,5.0
B_45_F_5_B_D0,C7,0.382737901,0.0,45.0,5.0
B_45_F_5_B_D1,C2,0.210173553,1.7,45.0,5.0
B_45_F_5_B_D1,C4,0.0,1.7,45.0,5.0
B_45_F_5_B_D1,C6,0.156030811,1.7,45.0,5.0
B_45_F_5_B_D1,C7,0.377124014,1.7,45.0,5.0
B_45_F_5_B_D2,C2,0.335198706,4.8,45.0,5.0
B_45_F_5_B_D2,C3,0.003760844,4.8,45.0,5.0
B_45_F_5_B_D2,C4,0.0,4.8,45.0,5.0
B_45_F_5_B_D2,C5,0.042829626,4.8,45.0,5.0
B_45_F_5_B_D2,C6,0.156929229,4.8,45.0,5.0
B_45_F_5_B_D2,C7,0.373487446,4.8,45.0,5.0
B_45_F_5_B_D3,C2,0.3974548975,10.2,45.0,5.0
B_45_F_5_B_D3,C3,0.034677575,9.7,45.0,5.0
B_45_F_5_B_D3,C4,0.0,10.2,45.0,5.0
B_45_F_5_B_D3,C5,0.0637874135,10.2,45.0,5.0
B_45_F_5_B_D3,C6,0.146815545,10.2,45.0,5.0
B_45_F_5_B_D4,C2,0.569958167,13.7,45.0,5.0
B_45_F_5_B_D4,C4,0.0,13.7,45.0,5.0
B_45_F_5_B_D4,C5,0.007472878,13.7,45.0,5.0
B_45_F_5_B_D4,C6,0.148186283,13.7,45.0,5.0
B_45_F_5_B_D5,C2,0.168949817,20.7,45.0,5.0
B_45_F_5_B_D5,C3,0.093538077,20.7,45.0,5.0
B_45_F_5_B_D5,C4,0.352276442,20.7,45.0,5.0
B_45_F_5_B_D5,C5,0.127295818,20.7,45.0,5.0
B_45_F_5_B_D5,C6,0.140889334,20.7,45.0,5.0
B_45_F_5_B_D5,ISOC5,0.075008052,20.7,45.0,5.0
B_45_F_5_B_D6,C2,0.232667187,26.8,45.0,5.0
B_45_F_5_B_D6,C3,0.110961537,26.8,45.0,5.0
B_45_F_5_B_D6,C4,0.457636134,26.8,45.0,5.0
B_45_F_5_B_D6,C5,0.065807663,26.8,45.0,5.0
B_45_F_5_B_D6,C6,0.117516897,26.8,45.0,5.0
B_45_F_5_B_D6,ISOC5,0.094058509,26.8,45.0,5.0
B_45_F_5_C_D0,C2,0.535324694,0.0,45.0,5.0
B_45_F_5_C_D0,C3,0.119995923,0.0,45.0,5.0
B_45_F_5_C_D0,C4,0.047380795,0.0,45.0,5.0
B_45_F_5_C_D0,C5,0.171811173,0.0,45.0,5.0
B_45_F_5_C_D0,C6,0.251782935,0.0,45.0,5.0
B_45_F_5_C_D0,C7,0.361948238,0.0,45.0,5.0
B_45_F_5_C_D0,ISOC4,0.072099055,0.0,45.0,5.0
B_45_F_5_C_D0,ISOC5,0.105488784,0.0,45.0,5.0
B_45_F_5_C_D1,C2,0.550189343,1.7,45.0,5.0
B_45_F_5_C_D1,C3,0.090845038,1.7,45.0,5.0
B_45_F_5_C_D1,C4,0.0,1.7,45.0,5.0
B_45_F_5_C_D1,C5,0.058157155,1.7,45.0,5.0
B_45_F_5_C_D1,C6,0.166318069,1.7,45.0,5.0
B_45_F_5_C_D1,C7,0.492001687,1.7,45.0,5.0
B_45_F_5_C_D2,C2,0.628310655,4.8,45.0,5.0
B_45_F_5_C_D2,C3,0.293348925,4.8,45.0,5.0
B_45_F_5_C_D2,C4,0.339448714,4.8,45.0,5.0
B_45_F_5_C_D2,C5,0.202095053,4.8,45.0,5.0
B_45_F_5_C_D2,C6,0.312700558,4.8,45.0,5.0
B_45_F_5_C_D2,ISOC4,0.059451247,4.8,45.0,5.0
B_45_F_5_C_D2,ISOC5,0.058182841,4.8,45.0,5.0
B_45_F_5_C_D3,C2,0.6070518949999999,10.2,45.0,5.0
B_45_F_5_C_D3,C3,0.214842411,10.2,45.0,5.0
B_45_F_5_C_D3,C4,0.1039465665,10.2,45.0,5.0
B_45_F_5_C_D3,C5,0.17924213900000002,10.2,45.0,5.0
B_45_F_5_C_D3,C6,0.37985389599999997,10.2,45.0,5.0
B_45_F_5_C_D3,ISOC4,0.07004774799999999,10.2,45.0,5.0
B_45_F_5_C_D3,ISOC5,0.1166331355,10.2,45.0,5.0
B_45_F_5_C_D4,C2,0.931030737,13.7,45.0,5.0
B_45_F_5_C_D4,C3,0.322766719,13.7,45.0,5.0
B_45_F_5_C_D4,C4,0.021161237,13.7,45.0,5.0
B_45_F_5_C_D4,C5,0.156867821,13.7,45.0,5.0
B_45_F_5_C_D4,C6,0.368686917,13.7,45.0,5.0
B_45_F_5_C_D4,C7,0.488805987,13.7,45.0,5.0
B_45_F_5_C_D4,ISOC4,0.05433288,13.7,45.0,5.0
B_45_F_5_C_D4,ISOC5,0.104957634,13.7,45.0,5.0
B_45_F_5_C_D5,C2,0.415854626,20.7,45.0,5.0
B_45_F_5_C_D5,C3,0.220019488,20.7,45.0,5.0
B_45_F_5_C_D5,C4,0.050912404,20.7,45.0,5.0
B_45_F_5_C_D5,C5,0.159394536,20.7,45.0,5.0
B_45_F_5_C_D5,C6,0.183898228,20.7,45.0,5.0
B_45_F_5_C_D5,C7,0.310686929,20.7,45.0,5.0
B_45_F_5_C_D5,ISOC4,0.095054744,20.7,45.0,5.0
B_45_F_5_C_D5,ISOC5,0.162640156,20.7,45.0,5.0
B_45_F_5_C_D6,C2,0.503398013,26.8,45.0,5.0
B_45_F_5_C_D6,C3,0.21773005,26.8,45.0,5.0
B_45_F_5_C_D6,C4,0.008114796,26.8,45.0,5.0
B_45_F_5_C_D6,C5,0.149214993,26.8,45.0,5.0
B_45_F_5_C_D6,C6,0.339807537,26.8,45.0,5.0
B_45_F_5_C_D6,ISOC4,0.064569613,26.8,45.0,5.0
B_45_F_5_C_D6,ISOC5,0.124905631,26.8,45.0,5.0
B_45_F_5_D_D2,C4,0.0,4.8,45.0,5.0
B_45_F_5_D_D4,C4,0.0,13.7,45.0,5.0
B_45_F_5_D_D4,C5,0.088210848,13.7,45.0,5.0
B_45_F_5_D_D4,C6,0.155902075,13.7,45.0,5.0
B_45_F_5_D_D4,C7,0.299416915,13.7,45.0,5.0
B_45_F_7_A_D0,C2,0.163491499,0.0,45.0,7.0
B_45_F_7_A_D1,C2,0.670724105,1.7,45.0,7.0
B_45_F_7_A_D1,C3,0.295521147,1.7,45.0,7.0
B_45_F_7_A_D1,C4,0.769595001,1.7,45.0,7.0
B_45_F_7_A_D1,ISOC4,0.086707221,1.7,45.0,7.0
B_45_F_7_A_D1,ISOC5,0.094058509,1.7,45.0,7.0
B_45_F_7_A_D2,C2,1.324606394,4.8,45.0,7.0
B_45_F_7_A_D2,C3,0.609552374,4.8,45.0,7.0
B_45_F_7_A_D2,C4,0.558575641,4.8,45.0,7.0
B_45_F_7_A_D2,ISOC4,0.079924713,4.8,45.0,7.0
B_45_F_7_A_D2,ISOC5,0.08205639,4.8,45.0,7.0
B_45_F_7_A_D3,C2,0.172932153,10.2,45.0,7.0
B_45_F_7_A_D3,C3,0.49911750050000003,10.2,45.0,7.0
B_45_F_7_A_D3,ISOC4,0.1180104325,10.2,45.0,7.0
B_45_F_7_A_D3,ISOC5,0.0508139715,10.2,45.0,7.0
B_45_F_7_A_D4,C2,0.129126461,13.7,45.0,7.0
B_45_F_7_A_D4,C3,0.192916329,13.7,45.0,7.0
B_45_F_7_A_D4,ISOC4,0.099228506,13.7,45.0,7.0
B_45_F_7_A_D5,C2,0.280455215,20.7,45.0,7.0
B_45_F_7_A_D5,C3,0.204531969,20.7,45.0,7.0
B_45_F_7_A_D5,ISOC4,0.107576029,20.7,45.0,7.0
B_45_F_7_A_D5,ISOC5,0.097868601,20.7,45.0,7.0
B_45_F_7_A_D6,C2,0.120522129,26.8,45.0,7.0
B_45_F_7_A_D6,ISOC5,0.058182841,26.8,45.0,7.0
B_45_F_7_B_D1,C2,0.70258279,1.7,45.0,7.0
B_45_F_7_B_D1,C3,0.451041658,1.7,45.0,7.0
B_45_F_7_B_D1,C4,0.364637076,1.7,45.0,7.0
B_45_F_7_B_D1,ISOC4,0.086707221,1.7,45.0,7.0
B_45_F_7_B_D2,C2,1.060992996,4.8,45.0,7.0
B_45_F_7_B_D2,C3,0.70787636,4.8,45.0,7.0
B_45_F_7_B_D2,C4,0.376409109,4.8,45.0,7.0
B_45_F_7_B_D2,ISOC4,0.095054744,4.8,45.0,7.0
B_45_F_7_B_D2,ISOC5,0.075008052,4.8,45.0,7.0
B_45_F_7_B_D3,C2,0.5213907915,10.2,45.0,7.0
B_45_F_7_B_D3,C3,0.681083171,10.2,45.0,7.0
B_45_F_7_B_D3,C4,0.080490455,10.2,45.0,7.0
B_45_F_7_B_D3,ISOC4,0.0818990595,10.2,45.0,7.0
B_45_F_7_B_D3,ISOC5,0.044563305,10.7,45.0,7.0
B_45_F_7_B_D4,C2,0.095674842,13.7,45.0,7.0
B_45_F_7_B_D4,C3,0.376830626,13.7,45.0,7.0
B_45_F_7_B_D4,ISOC4,0.082533459,13.7,45.0,7.0
B_45_F_7_B_D5,C3,0.063208351,20.7,45.0,7.0
B_45_F_7_B_D5,ISOC4,0.078359698,20.7,45.0,7.0
B_45_F_7_B_D6,ISOC4,0.06968798,26.8,45.0,7.0
B_45_F_7_C_D1,C2,0.784553278,1.7,45.0,7.0
B_45_F_7_C_D1,C3,0.37339269,1.7,45.0,7.0
B_45_F_7_C_D1,C4,0.838058753,1.7,45.0,7.0
B_45_F_7_C_D1,ISOC4,0.074806346,1.7,45.0,7.0
B_45_F_7_C_D1,ISOC5,0.058182841,1.7,45.0,7.0
B_45_F_7_C_D2,C2,0.758335489,4.8,45.0,7.0
B_45_F_7_C_D2,C3,0.472982311,4.8,45.0,7.0
B_45_F_7_C_D2,C4,0.893201345,4.8,45.0,7.0
B_45_F_7_C_D2,ISOC4,0.11174979,4.8,45.0,7.0
B_45_F_7_C_D2,ISOC5,0.120729149,4.8,45.0,7.0
B_45_F_7_C_D3,C2,0.1967630735,10.2,45.0,7.0
B_45_F_7_C_D3,C3,0.4920477165,10.2,45.0,7.0
B_45_F_7_C_D3,ISOC4,0.0773655295,10.2,45.0,7.0
B_45_F_7_C_D3,ISOC5,0.0560871775,10.2,45.0,7.0
B_45_F_7_C_D4,C3,0.012425464,13.7,45.0,7.0
B_45_F_7_C_D4,ISOC4,0.059451247,13.7,45.0,7.0
B_45_F_7_C_D4,ISOC5,0.01778253,13.7,45.0,7.0
B_45_F_9_A_D0,C2,0.320278571,0.0,45.0,9.0
B_45_F_9_A_D1,C2,1.575531559,1.7,45.0,9.0
B_45_F_9_A_D1,C3,0.055954166,1.7,45.0,9.0
B_45_F_9_A_D1,C4,0.387857456,1.7,45.0,9.0
B_45_F_9_A_D1,ISOC4,0.064569613,1.7,45.0,9.0
B_45_F_9_A_D1,ISOC5,0.095602675,1.7,45.0,9.0
B_45_F_9_A_D2,C2,1.937106832,4.8,45.0,9.0
B_45_F_9_A_D2,C3,0.14258189,4.8,45.0,9.0
B_45_F_9_A_D2,C4,0.249859757,4.8,45.0,9.0
B_45_F_9_A_D2,ISOC4,0.120097313,4.8,45.0,9.0
B_45_F_9_A_D2,ISOC5,0.166450247,4.8,45.0,9.0
B_45_F_9_A_D3,C2,2.4557515729999997,10.2,45.0,9.0
B_45_F_9_A_D3,C3,0.23342781099999999,10.2,45.0,9.0
B_45_F_9_A_D3,C4,0.248773626,10.2,45.0,9.0
B_45_F_9_A_D3,ISOC4,0.128444837,9.7,45.0,9.0
B_45_F_9_A_D3,ISOC5,0.161746404,10.2,45.0,9.0
B_45_F_9_A_D4,C2,2.727766388,13.7,45.0,9.0
B_45_F_9_A_D4,C3,0.221326035,13.7,45.0,9.0
B_45_F_9_A_D4,C4,0.194820814,13.7,45.0,9.0
B_45_F_9_A_D4,ISOC4,0.095279812,13.7,45.0,9.0
B_45_F_9_A_D4,ISOC5,0.146330251,13.7,45.0,9.0
B_45_F_9_A_D5,C2,3.528564351,20.7,45.0,9.0
B_45_F_9_A_D5,C3,0.27829796,20.7,45.0,9.0
B_45_F_9_A_D5,C4,0.240815903,20.7,45.0,9.0
B_45_F_9_A_D5,ISOC4,0.105516545,20.7,45.0,9.0
B_45_F_9_A_D5,ISOC5,0.161087386,20.7,45.0,9.0
B_45_F_9_A_D6,C2,4.016822549,26.8,45.0,9.0
B_45_F_9_A_D6,C3,0.251616705,26.8,45.0,9.0
B_45_F_9_A_D6,C4,0.243841449,26.8,45.0,9.0
B_45_F_9_A_D6,C6,0.076352843,26.8,45.0,9.0
B_45_F_9_A_D6,ISOC4,0.095279812,26.8,45.0,9.0
B_45_F_9_A_D6,ISOC5,0.161087386,26.8,45.0,9.0
B_45_F_9_B_D0,C2,0.599015163,0.0,45.0,9.0
B_45_F_9_B_D1,C2,1.379579845,1.7,45.0,9.0
B_45_F_9_B_D1,C3,0.050302085,1.7,45.0,9.0
B_45_F_9_B_D1,C4,0.261043188,1.7,45.0,9.0
B_45_F_9_B_D1,ISOC4,0.078359698,1.7,45.0,9.0
B_45_F_9_B_D1,ISOC5,0.109298875,1.7,45.0,9.0
B_45_F_9_B_D2,C2,1.575531559,4.8,45.0,9.0
B_45_F_9_B_D2,C3,0.110000811,4.8,45.0,9.0
B_45_F_9_B_D2,C4,0.233554591,4.8,45.0,9.0
B_45_F_9_B_D2,ISOC4,0.059451247,4.8,45.0,9.0
B_45_F_9_B_D2,ISOC5,0.100280154,4.8,45.0,9.0
B_45_F_9_B_D3,C2,1.6640060509999999,10.2,45.0,9.0
B_45_F_9_B_D3,C3,0.158143067,10.2,45.0,9.0
B_45_F_9_B_D3,C4,0.1473089645,10.2,45.0,9.0
B_45_F_9_B_D3,ISOC4,0.074806346,10.2,45.0,9.0
B_45_F_9_B_D3,ISOC5,0.11021752800000001,10.2,45.0,9.0
B_45_F_9_B_D4,C2,1.711374854,13.7,45.0,9.0
B_45_F_9_B_D4,C3,0.217628362,13.7,45.0,9.0
B_45_F_9_B_D4,C4,0.052537952,13.7,45.0,9.0
B_45_F_9_B_D4,ISOC4,0.074806346,13.7,45.0,9.0
B_45_F_9_B_D4,ISOC5,0.02849484,13.7,45.0,9.0
B_45_F_9_B_D5,C2,1.698166695,20.7,45.0,9.0
B_45_F_9_B_D5,C3,0.149680336,20.7,45.0,9.0
B_45_F_9_B_D5,C4,0.095057527,20.7,45.0,9.0
B_45_F_9_B_D5,ISOC4,0.103402267,20.7,45.0,9.0
B_45_F_9_B_D5,ISOC5,0.158830064,20.7,45.0,9.0
B_45_F_9_B_D6,C2,1.864283315,26.8,45.0,9.0
B_45_F_9_B_D6,C3,0.157174833,26.8,45.0,9.0
B_45_F_9_B_D6,C4,0.100180178,26.8,45.0,9.0
B_45_F_9_B_D6,ISOC4,0.06968798,26.8,45.0,9.0
B_45_F_9_B_D6,ISOC5,0.124905631,26.8,45.0,9.0
B_45_F_9_C_D0,C2,0.160985146,0.0,45.0,9.0
B_45_F_9_C_D0,C3,0.030297372,0.0,45.0,9.0
B_45_F_9_C_D1,C2,1.387568701,1.7,45.0,9.0
B_45_F_9_C_D1,C3,0.002854182,1.7,45.0,9.0
B_45_F_9_C_D1,C4,0.158767238,1.7,45.0,9.0
B_45_F_9_C_D1,ISOC4,0.04051329,1.7,45.0,9.0
B_45_F_9_C_D1,ISOC5,0.055275615,1.7,45.0,9.0
B_45_F_9_C_D2,C2,1.868486478,4.8,45.0,9.0
B_45_F_9_C_D2,C3,0.120946967,4.8,45.0,9.0
B_45_F_9_C_D2,C4,0.219637078,4.8,45.0,9.0
B_45_F_9_C_D2,ISOC4,0.085043079,4.8,45.0,9.0
B_45_F_9_C_D2,ISOC5,0.165764865,4.8,45.0,9.0
B_45_F_9_C_D3,C2,1.7379900510000001,10.2,45.0,9.0
B_45_F_9_C_D3,C3,0.139032666,10.2,45.0,9.0
B_45_F_9_C_D3,C4,0.17893326,10.2,45.0,9.0
B_45_F_9_C_D3,ISOC4,0.115923552,10.2,45.0,9.0
B_45_F_9_C_D3,ISOC5,0.2007410705,10.2,45.0,9.0
B_45_F_9_C_D4,C2,1.720369469,13.7,45.0,9.0
B_45_F_9_C_D4,C3,0.127150786,13.7,45.0,9.0
B_45_F_9_C_D4,C4,0.036442606,13.7,45.0,9.0
B_45_F_9_C_D4,ISOC4,0.090161446,13.7,45.0,9.0
B_45_F_9_C_D4,ISOC5,0.135617941,13.7,45.0,9.0
B_45_F_9_C_D5,C2,1.85746012,20.7,45.0,9.0
B_45_F_9_C_D5,C3,0.10967091,20.7,45.0,9.0
B_45_F_9_C_D5,C4,0.025013933,20.7,45.0,9.0
B_45_F_9_C_D5,ISOC4,0.120097313,20.7,45.0,9.0
B_45_F_9_C_D5,ISOC5,0.17407043,20.7,45.0,9.0
B_45_F_9_C_D6,C2,3.82151927,26.8,45.0,9.0
B_45_F_9_C_D6,C3,0.159942648,26.8,45.0,9.0
B_45_F_9_C_D6,C4,0.06835976,26.8,45.0,9.0
B_45_F_9_C_D6,C6,0.188521796,26.8,45.0,9.0
B_45_F_9_C_D6,ISOC4,0.095279812,26.8,45.0,9.0
B_45_F_9_C_D6,ISOC5,0.165764865,26.8,45.0,9.0
B_45_F_9_D_D3,C2,0.188586476,10.7,45.0,9.0
B_45_M_5_A_D0,C2,0.3,0.0,45.0,5.0
B_45_M_5_A_D0,C3,0.0,0.0,45.0,5.0
B_45_M_5_A_D1,C2,0.4,1.5,45.0,5.0
B_45_M_5_A_D1,C3,0.1,1.5,45.0,5.0
B_45_M_5_A_D1,C4,0.1,1.5,45.0,5.0
B_45_M_5_A_D2,C2,0.4,5.7,45.0,5.0
B_45_M_5_A_D2,C3,0.1,5.7,45.0,5.0
B_45_M_5_A_D2,C4,0.0,5.7,45.0,5.0
B_45_M_5_A_D2,ISOC5,0.0,5.7,45.0,5.0
B_45_M_5_A_D3,C2,0.5,11.7,45.0,5.0
B_45_M_5_A_D3,C3,0.2,11.7,45.0,5.0
B_45_M_5_A_D3,C4,0.1,11.7,45.0,5.0
B_45_M_5_A_D4,C2,0.5,11.7,45.0,5.0
B_45_M_5_A_D4,C3,0.1,11.7,45.0,5.0
B_45_M_5_A_D4,C4,0.0,11.7,45.0,5.0
B_45_M_5_A_D4,ISOC5,0.0,11.7,45.0,5.0
B_45_M_5_A_D5,C2,0.7,24.7,45.0,5.0
B_45_M_5_A_D5,C3,0.0,24.7,45.0,5.0
B_45_M_5_A_D5,C4,0.1,24.7,45.0,5.0
B_45_M_5_B_D1,C2,0.4,1.5,45.0,5.0
B_45_M_5_B_D1,C3,0.3,1.5,45.0,5.0
B_45_M_5_B_D1,C4,0.1,1.5,45.0,5.0
B_45_M_5_B_D2,C2,0.5,5.7,45.0,5.0
B_45_M_5_B_D2,C3,0.2,5.7,45.0,5.0
B_45_M_5_B_D2,C4,0.3,5.7,45.0,5.0
B_45_M_5_B_D3,C2,0.3,11.7,45.0,5.0
B_45_M_5_B_D3,C3,0.3,11.7,45.0,5.0
B_45_M_5_B_D3,C4,0.3,11.7,45.0,5.0
B_45_M_5_B_D3,ISOC5,0.1,11.7,45.0,5.0
B_45_M_5_B_D4,C2,0.2,11.7,45.0,5.0
B_45_M_5_B_D4,C3,0.0,11.7,45.0,5.0
B_45_M_5_B_D4,C4,0.1,11.7,45.0,5.0
B_45_M_5_B_D5,C2,0.6,24.7,45.0,5.0
B_45_M_5_B_D5,C3,0.4,24.7,45.0,5.0
B_45_M_5_B_D5,C4,0.3,24.7,45.0,5.0
B_45_M_5_C_D0,C2,0.4,0.0,45.0,5.0
B_45_M_5_C_D0,C3,0.0,0.0,45.0,5.0
B_45_M_5_C_D1,C2,0.4,1.5,45.0,5.0
B_45_M_5_C_D1,C3,0.1,1.5,45.0,5.0
B_45_M_5_C_D1,C4,0.1,1.5,45.0,5.0
B_45_M_5_C_D2,C2,0.5,5.7,45.0,5.0
B_45_M_5_C_D2,C3,0.1,5.7,45.0,5.0
B_45_M_5_C_D2,C4,0.0,5.7,45.0,5.0
B_45_M_5_C_D3,C2,0.4,11.7,45.0,5.0
B_45_M_5_C_D3,C3,0.0,11.7,45.0,5.0
B_45_M_5_C_D3,C4,0.0,11.7,45.0,5.0
B_45_M_5_C_D4,C2,0.4,11.7,45.0,5.0
B_45_M_5_C_D4,C4,0.0,11.7,45.0,5.0
B_45_M_5_D_D0,C2,0.2,0.0,45.0,5.0
B_45_M_5_D_D1,C2,0.2,1.5,45.0,5.0
B_45_M_5_D_D3,C2,0.3,11.7,45.0,5.0
B_45_M_7_A_D0,C2,0.3,0.0,45.0,7.0
B_45_M_7_A_D1,C2,0.4,1.5,45.0,7.0
B_45_M_7_A_D1,C3,0.1,1.5,45.0,7.0
B_45_M_7_A_D1,C4,0.1,1.5,45.0,7.0
B_45_M_7_A_D2,C2,1.6,5.7,45.0,7.0
B_45_M_7_A_D2,C3,0.4,5.7,45.0,7.0
B_45_M_7_A_D3,C2,0.6,11.7,45.0,7.0
B_45_M_7_A_D3,C3,0.3,11.7,45.0,7.0
B_45_M_7_B_D0,C2,0.5,0.0,45.0,7.0
B_45_M_7_B_D1,C2,0.3,1.5,45.0,7.0
B_45_M_7_B_D1,C3,0.0,1.5,45.0,7.0
B_45_M_7_B_D2,C2,0.8,5.7,45.0,7.0
B_45_M_7_B_D2,C3,0.2,5.7,45.0,7.0
B_45_M_7_B_D3,C2,0.9,11.7,45.0,7.0
B_45_M_7_B_D3,C3,0.3,11.7,45.0,7.0
B_45_M_7_B_D4,C2,0.3,11.7,45.0,7.0
B_45_M_7_B_D4,C3,0.0,11.7,45.0,7.0
B_45_M_7_C_D0,C2,0.3,0.0,45.0,7.0
B_45_M_7_C_D1,C2,0.9,1.5,45.0,7.0
B_45_M_7_C_D1,C3,0.1,1.5,45.0,7.0
B_45_M_7_C_D1,ISOC5,0.0,1.5,45.0,7.0
B_45_M_7_C_D2,C2,1.2,5.7,45.0,7.0
B_45_M_7_C_D2,C3,0.4,5.7,45.0,7.0
B_45_M_7_C_D3,C2,0.3,11.7,45.0,7.0
B_45_M_7_C_D3,C3,0.6,11.7,45.0,7.0
B_45_M_7_D_D2,ISOC5,0.0,5.7,45.0,7.0
B_45_M_9_A_D0,C2,1.0,0.0,45.0,9.0
B_45_M_9_A_D0,C3,0.0,0.0,45.0,9.0
B_45_M_9_A_D1,C2,0.6,1.5,45.0,9.0
B_45_M_9_A_D1,C3,0.0,1.5,45.0,9.0
B_45_M_9_A_D1,C4,0.0,1.5,45.0,9.0
B_45_M_9_A_D2,C2,1.2,5.7,45.0,9.0
B_45_M_9_A_D2,C3,0.2,5.7,45.0,9.0
B_45_M_9_A_D2,C4,0.0,5.7,45.0,9.0
B_45_M_9_A_D2,ISOC5,0.1,5.7,45.0,9.0
B_45_M_9_A_D3,C2,1.8,11.7,45.0,9.0
B_45_M_9_A_D3,C3,0.2,11.7,45.0,9.0
B_45_M_9_A_D3,C4,0.0,11.7,45.0,9.0
B_45_M_9_A_D3,ISOC5,0.1,11.7,45.0,9.0
B_45_M_9_A_D4,C2,2.4,11.7,45.0,9.0
B_45_M_9_A_D4,C3,0.2,11.7,45.0,9.0
B_45_M_9_A_D4,C4,0.0,11.7,45.0,9.0
B_45_M_9_A_D4,ISOC5,0.1,11.7,45.0,9.0
B_45_M_9_A_D5,C2,4.5,24.7,45.0,9.0
B_45_M_9_A_D5,C3,0.3,24.7,45.0,9.0
B_45_M_9_A_D5,C4,0.1,24.7,45.0,9.0
B_45_M_9_B_D0,C2,0.7,0.0,45.0,9.0
B_45_M_9_B_D0,C3,0.2,0.0,45.0,9.0
B_45_M_9_B_D0,C4,0.1,0.0,45.0,9.0
B_45_M_9_B_D0,ISOC5,0.1,0.0,45.0,9.0
B_45_M_9_B_D1,C2,0.6,1.5,45.0,9.0
B_45_M_9_B_D1,C3,0.1,1.5,45.0,9.0
B_45_M_9_B_D1,ISOC5,0.1,1.5,45.0,9.0
B_45_M_9_B_D2,C2,1.1,5.7,45.0,9.0
B_45_M_9_B_D2,C3,0.1,5.7,45.0,9.0
B_45_M_9_B_D2,ISOC5,0.1,5.7,45.0,9.0
B_45_M_9_B_D3,C2,1.4,11.7,45.0,9.0
B_45_M_9_B_D3,C3,0.2,11.7,45.0,9.0
B_45_M_9_B_D3,C4,0.0,11.7,45.0,9.0
B_45_M_9_B_D3,ISOC5,0.1,11.7,45.0,9.0
B_45_M_9_B_D4,C2,2.0,11.7,45.0,9.0
B_45_M_9_B_D4,C3,0.3,11.7,45.0,9.0
B_45_M_9_B_D4,C4,0.0,11.7,45.0,9.0
B_45_M_9_B_D4,ISOC5,0.1,11.7,45.0,9.0
B_45_M_9_B_D5,C2,3.5,24.7,45.0,9.0
B_45_M_9_B_D5,C3,0.3,24.7,45.0,9.0
B_45_M_9_B_D5,C4,0.0,24.7,45.0,9.0
B_45_M_9_B_D5,ISOC5,0.0,24.7,45.0,9.0
B_45_M_9_C_D0,C2,0.7,0.0,45.0,9.0
B_45_M_9_C_D0,C3,0.0,0.0,45.0,9.0
B_45_M_9_C_D2,C2,1.4,5.7,45.0,9.0
B_45_M_9_C_D2,C3,0.1,5.7,45.0,9.0
B_45_M_9_C_D2,ISOC5,0.0,5.7,45.0,9.0
B_45_M_9_C_D3,C2,1.7,11.7,45.0,9.0
B_45_M_9_C_D3,C3,0.1,11.7,45.0,9.0
B_45_M_9_C_D3,ISOC5,0.0,11.7,45.0,9.0
B_45_M_9_C_D4,C2,0.8,11.7,45.0,9.0
B_45_M_9_C_D4,C3,0.0,11.7,45.0,9.0
B_45_M_9_C_D5,C2,0.4,24.7,45.0,9.0
B_45_M_9_D_D0,C2,0.4,0.0,45.0,9.0
B_45_M_9_D_D1,C2,0.6,1.5,45.0,9.0
B_45_M_9_D_D1,C3,0.0,1.5,45.0,9.0
B_45_M_9_D_D2,C2,0.4,5.7,45.0,9.0
B_45_M_9_D_D3,C2,0.3,11.7,45.0,9.0
B_45_M_9_D_D4,C2,0.3,11.7,45.0,9.0
T_55_F_5_A_D0,C2,0.0,0.0,55.0,5.0
T_55_F_5_A_D0,C3,0.0,0.0,55.0,5.0
T_55_F_5_A_D0,C4,0.0,0.0,55.0,5.0
T_55_F_5_A_D0,total,0.0,0.0,55.0,5.0
T_55_F_5_A_D1,C2,0.363844394,0.75,55.0,5.0
T_55_F_5_A_D1,C3,0.0,0.75,55.0,5.0
T_55_F_5_A_D1,C4,0.548785086,0.75,55.0,5.0
T_55_F_5_A_D1,total,0.912629481,0.75,55.0,5.0
T_55_F_5_A_D2,C2,0.100363093,2.666666667,55.0,5.0
T_55_F_5_A_D2,C3,0.0,2.666666667,55.0,5.0
T_55_F_5_A_D2,C4,0.0,2.666666667,55.0,5.0
T_55_F_5_A_D2,total,0.100363093,2.666666667,55.0,5.0
T_55_F_5_A_D3,C2,0.0,5.5625,55.0,5.0
T_55_F_5_A_D3,C3,0.0,5.5625,55.0,5.0
T_55_F_5_A_D3,C4,0.606901005,5.5625,55.0,5.0
T_55_F_5_A_D3,total,0.606901005,5.5625,55.0,5.0
T_55_F_5_A_D4,C2,0.061951506,8.75,55.0,5.0
T_55_F_5_A_D4,C3,0.0,8.75,55.0,5.0
T_55_F_5_A_D4,C4,0.980879511,8.75,55.0,5.0
T_55_F_5_A_D4,total,1.042831017,8.75,55.0,5.0
T_55_F_5_A_D6,C2,0.220885244,23.375,55.0,5.0
T_55_F_5_A_D6,C3,0.0,23.375,55.0,5.0
T_55_F_5_A_D6,C4,1.029324537,23.375,55.0,5.0
T_55_F_5_A_D6,total,1.250209781,23.375,55.0,5.0
T_55_F_5_B_D0,C2,0.0,0.0,55.0,5.0
T_55_F_5_B_D0,C3,0.0,0.0,55.0,5.0
T_55_F_5_B_D0,C4,0.222190045,0.0,55.0,5.0
T_55_F_5_B_D0,total,0.222190045,0.0,55.0,5.0
T_55_F_5_B_D1,C2,0.129944526,0.75,55.0,5.0
T_55_F_5_B_D1,C3,0.0,0.75,55.0,5.0
T_55_F_5_B_D1,C4,0.24499702,0.75,55.0,5.0
T_55_F_5_B_D1,total,0.374941546,0.75,55.0,5.0
T_55_F_5_B_D2,C2,0.253270716,2.666666667,55.0,5.0
T_55_F_5_B_D2,C3,0.0,2.666666667,55.0,5.0
T_55_F_5_B_D2,C4,0.664230457,2.666666667,55.0,5.0
T_55_F_5_B_D2,total,0.917501173,2.666666667,55.0,5.0
T_55_F_5_B_D3,C2,0.081371428,5.5625,55.0,5.0
T_55_F_5_B_D3,C3,0.0,5.5625,55.0,5.0
T_55_F_5_B_D3,C4,0.780120847,5.5625,55.0,5.0
T_55_F_5_B_D3,total,0.861492275,5.5625,55.0,5.0
T_55_F_5_B_D4,C2,0.165530054,8.75,55.0,5.0
T_55_F_5_B_D4,C3,0.0,8.75,55.0,5.0
T_55_F_5_B_D4,C4,0.946186655,8.75,55.0,5.0
T_55_F_5_B_D4,total,1.111716708,8.75,55.0,5.0
T_55_F_5_B_D5,C2,0.091136743,13.375,55.0,5.0
T_55_F_5_B_D5,C3,0.0,13.375,55.0,5.0
T_55_F_5_B_D5,C4,0.904546314,13.375,55.0,5.0
T_55_F_5_B_D5,total,0.995683057,13.375,55.0,5.0
T_55_F_5_C_D0,C2,0.0,0.0,55.0,5.0
T_55_F_5_C_D0,C3,0.0,0.0,55.0,5.0
T_55_F_5_C_D0,C4,0.0,0.0,55.0,5.0
T_55_F_5_C_D0,total,0.0,0.0,55.0,5.0
T_55_F_5_C_D2,C2,0.194992252,2.666666667,55.0,5.0
T_55_F_5_C_D2,C3,0.0,2.666666667,55.0,5.0
T_55_F_5_C_D2,C4,0.781756801,2.666666667,55.0,5.0
T_55_F_5_C_D2,total,0.976749052,2.666666667,55.0,5.0
T_55_F_5_C_D3,C2,0.081417232,5.5625,55.0,5.0
T_55_F_5_C_D3,C3,0.0,5.5625,55.0,5.0
T_55_F_5_C_D3,C4,0.903559672,5.5625,55.0,5.0
T_55_F_5_C_D3,total,0.984976904,5.5625,55.0,5.0
T_55_F_5_C_D4,C2,0.323219316,8.75,55.0,5.0
T_55_F_5_C_D4,C3,0.0,8.75,55.0,5.0
T_55_F_5_C_D4,C4,0.963802425,8.75,55.0,5.0
T_55_F_5_C_D4,total,1.287021742,8.75,55.0,5.0
T_55_F_5_C_D5,C2,0.180710202,13.375,55.0,5.0
T_55_F_5_C_D5,C3,0.0,13.375,55.0,5.0
T_55_F_5_C_D5,C4,0.985721362,13.375,55.0,5.0
T_55_F_5_C_D5,total,1.166431564,13.375,55.0,5.0
T_55_F_5_C_D6,C2,0.18952809,23.375,55.0,5.0
T_55_F_5_C_D6,C3,0.0,23.375,55.0,5.0
T_55_F_5_C_D6,C4,0.937231497,23.375,55.0,5.0
T_55_F_5_C_D6,total,1.126759587,23.375,55.0,5.0
T_55_F_7_A_D0,C2,0.0,0.0,55.0,7.0
T_55_F_7_A_D0,C3,0.0,0.0,55.0,7.0
T_55_F_7_A_D0,C4,0.0,0.0,55.0,7.0
T_55_F_7_A_D0,total,0.0,0.0,55.0,7.0
T_55_F_7_A_D1,C2,0.068041391,0.75,55.0,7.0
T_55_F_7_A_D1,C3,0.0,0.75,55.0,7.0
T_55_F_7_A_D1,C4,0.193682863,0.75,55.0,7.0
T_55_F_7_A_D1,total,0.261724254,0.75,55.0,7.0
T_55_F_7_A_D2,C2,1.356112989,2.666666667,55.0,7.0
T_55_F_7_A_D2,C3,0.0,2.666666667,55.0,7.0
T_55_F_7_A_D2,C4,0.646539745,2.666666667,55.0,7.0
T_55_F_7_A_D2,total,2.002652734,2.666666667,55.0,7.0
T_55_F_7_A_D3,C2,0.882755895,5.5625,55.0,7.0
T_55_F_7_A_D3,C3,0.242066077,5.5625,55.0,7.0
T_55_F_7_A_D3,C4,0.684288027,5.5625,55.0,7.0
T_55_F_7_A_D3,total,1.809109999,5.5625,55.0,7.0
T_55_F_7_A_D4,C2,0.100599693,8.75,55.0,7.0
T_55_F_7_A_D4,C3,0.0,8.75,55.0,7.0
T_55_F_7_A_D4,C4,0.0,8.75,55.0,7.0
T_55_F_7_A_D4,total,0.100599693,8.75,55.0,7.0
T_55_F_7_A_D5,C2,0.066063887,13.375,55.0,7.0
T_55_F_7_A_D5,C3,0.0,13.375,55.0,7.0
T_55_F_7_A_D5,C4,0.0,13.375,55.0,7.0
T_55_F_7_A_D5,total,0.066063887,13.375,55.0,7.0
T_55_F_7_B_D0,C2,0.0,0.0,55.0,7.0
T_55_F_7_B_D0,C3,0.0,0.0,55.0,7.0
T_55_F_7_B_D0,C4,0.0,0.0,55.0,7.0
T_55_F_7_B_D0,total,0.0,0.0,55.0,7.0
T_55_F_7_B_D1,C2,0.241399933,0.75,55.0,7.0
T_55_F_7_B_D1,C3,0.0,0.75,55.0,7.0
T_55_F_7_B_D1,C4,0.510967013,0.75,55.0,7.0
T_55_F_7_B_D1,total,0.752366946,0.75,55.0,7.0
T_55_F_7_B_D2,C2,0.714041289,2.666666667,55.0,7.0
T_55_F_7_B_D2,C3,0.0,2.666666667,55.0,7.0
T_55_F_7_B_D2,C4,0.616421386,2.666666667,55.0,7.0
T_55_F_7_B_D2,total,1.330462675,2.666666667,55.0,7.0
T_55_F_7_B_D3,C2,0.267049546,5.5625,55.0,7.0
T_55_F_7_B_D3,C3,0.079933575,5.5625,55.0,7.0
T_55_F_7_B_D3,C4,0.552834527,5.5625,55.0,7.0
T_55_F_7_B_D3,total,0.899817648,5.5625,55.0,7.0
T_55_F_7_B_D4,C2,0.186655908,8.75,55.0,7.0
T_55_F_7_B_D4,C3,0.171821723,8.75,55.0,7.0
T_55_F_7_B_D4,C4,0.137486359,8.75,55.0,7.0
T_55_F_7_B_D4,total,0.495963989,8.75,55.0,7.0
T_55_F_7_B_D5,C2,0.085760079,13.375,55.0,7.0
T_55_F_7_B_D5,C3,0.137122398,13.375,55.0,7.0
T_55_F_7_B_D5,C4,0.0,13.375,55.0,7.0
T_55_F_7_B_D5,total,0.222882476,13.375,55.0,7.0
T_55_F_7_B_D6,C2,0.081783908,23.375,55.0,7.0
T_55_F_7_B_D6,C3,0.0,23.375,55.0,7.0
T_55_F_7_B_D6,C4,0.097332441,23.375,55.0,7.0
T_55_F_7_B_D6,total,0.17911635,23.375,55.0,7.0
T_55_F_7_C_D0,C2,0.094602056,0.0,55.0,7.0
T_55_F_7_C_D0,C3,0.0,0.0,55.0,7.0
T_55_F_7_C_D0,C4,0.0,0.0,55.0,7.0
T_55_F_7_C_D0,total,0.094602056,0.0,55.0,7.0
T_55_F_7_C_D1,C2,0.452817309,0.75,55.0,7.0
T_55_F_7_C_D1,C3,0.0,0.75,55.0,7.0
T_55_F_7_C_D1,C4,0.590338823,0.75,55.0,7.0
T_55_F_7_C_D1,total,1.043156132,0.75,55.0,7.0
T_55_F_7_C_D2,C2,0.883894344,2.666666667,55.0,7.0
T_55_F_7_C_D2,C3,0.078645029,2.666666667,55.0,7.0
T_55_F_7_C_D2,C4,0.682765515,2.666666667,55.0,7.0
T_55_F_7_C_D2,total,1.645304888,2.666666667,55.0,7.0
T_55_F_7_C_D3,C2,0.196394132,5.5625,55.0,7.0
T_55_F_7_C_D3,C3,0.0,5.5625,55.0,7.0
T_55_F_7_C_D3,C4,0.561254,5.5625,55.0,7.0
T_55_F_7_C_D3,total,0.757648132,5.5625,55.0,7.0
T_55_F_7_C_D4,C2,0.655843882,8.75,55.0,7.0
T_55_F_7_C_D4,C3,0.0,8.75,55.0,7.0
T_55_F_7_C_D4,C4,0.0,8.75,55.0,7.0
T_55_F_7_C_D4,total,0.655843882,8.75,55.0,7.0
T_55_F_7_C_D5,C2,0.384296609,13.375,55.0,7.0
T_55_F_7_C_D5,C3,0.0,13.375,55.0,7.0
T_55_F_7_C_D5,C4,0.624105973,13.375,55.0,7.0
T_55_F_7_C_D5,total,1.008402582,13.375,55.0,7.0
T_55_F_7_C_D6,C2,0.343116586,23.375,55.0,7.0
T_55_F_7_C_D6,C3,0.0,23.375,55.0,7.0
T_55_F_7_C_D6,C4,0.596707023,23.375,55.0,7.0
T_55_F_7_C_D6,total,0.939823609,23.375,55.0,7.0
T_55_F_9_A_D0,C2,0.0,0.0,55.0,9.0
T_55_F_9_A_D0,C3,0.0,0.0,55.0,9.0
T_55_F_9_A_D0,C4,0.0,0.0,55.0,9.0
T_55_F_9_A_D0,total,0.0,0.0,55.0,9.0
T_55_F_9_A_D1,C2,0.323946632,0.75,55.0,9.0
T_55_F_9_A_D1,C3,0.0,0.75,55.0,9.0
T_55_F_9_A_D1,C4,0.0,0.75,55.0,9.0
T_55_F_9_A_D1,total,0.323946632,0.75,55.0,9.0
T_55_F_9_A_D2,C2,0.243937886,2.666666667,55.0,9.0
T_55_F_9_A_D2,C3,0.0,2.666666667,55.0,9.0
T_55_F_9_A_D2,C4,0.0,2.666666667,55.0,9.0
T_55_F_9_A_D2,total,0.243937886,2.666666667,55.0,9.0
T_55_F_9_A_D3,C2,0.464385583,5.5625,55.0,9.0
T_55_F_9_A_D3,C3,0.0,5.5625,55.0,9.0
T_55_F_9_A_D3,C4,0.0,5.5625,55.0,9.0
T_55_F_9_A_D3,total,0.464385583,5.5625,55.0,9.0
T_55_F_9_A_D4,C2,0.289871822,8.75,55.0,9.0
T_55_F_9_A_D4,C3,0.0,8.75,55.0,9.0
T_55_F_9_A_D4,C4,0.0,8.75,55.0,9.0
T_55_F_9_A_D4,total,0.289871822,8.75,55.0,9.0
T_55_F_9_A_D5,C2,1.373531464,13.375,55.0,9.0
T_55_F_9_A_D5,C3,0.0,13.375,55.0,9.0
T_55_F_9_A_D5,C4,0.0,13.375,55.0,9.0
T_55_F_9_A_D5,total,1.373531464,13.375,55.0,9.0
T_55_F_9_B_D0,C2,0.161489561,0.0,55.0,9.0
T_55_F_9_B_D0,C3,0.0,0.0,55.0,9.0
T_55_F_9_B_D0,C4,0.0,0.0,55.0,9.0
T_55_F_9_B_D0,total,0.161489561,0.0,55.0,9.0
T_55_F_9_B_D1,C2,0.16704637,0.75,55.0,9.0
T_55_F_9_B_D1,C3,0.0,0.75,55.0,9.0
T_55_F_9_B_D1,C4,0.120132453,0.75,55.0,9.0
T_55_F_9_B_D1,total,0.287178822,0.75,55.0,9.0
T_55_F_9_B_D2,C2,0.368362792,2.666666667,55.0,9.0
T_55_F_9_B_D2,C3,0.0,2.666666667,55.0,9.0
T_55_F_9_B_D2,C4,0.098013069,2.666666667,55.0,9.0
T_55_F_9_B_D2,total,0.46637586,2.666666667,55.0,9.0
T_55_F_9_B_D3,C2,0.829625641,5.5625,55.0,9.0
T_55_F_9_B_D3,C3,0.0,5.5625,55.0,9.0
T_55_F_9_B_D3,C4,0.09526062,5.5625,55.0,9.0
T_55_F_9_B_D3,total,0.924886261,5.5625,55.0,9.0
T_55_F_9_B_D4,C2,0.494802962,8.75,55.0,9.0
T_55_F_9_B_D4,C3,0.0,8.75,55.0,9.0
T_55_F_9_B_D4,C4,0.150324148,8.75,55.0,9.0
T_55_F_9_B_D4,total,0.645127111,8.75,55.0,9.0
T_55_F_9_B_D5,C2,0.546871106,13.375,55.0,9.0
T_55_F_9_B_D5,C3,0.0,13.375,55.0,9.0
T_55_F_9_B_D5,C4,0.0,13.375,55.0,9.0
T_55_F_9_B_D5,total,0.546871106,13.375,55.0,9.0
T_55_F_9_B_D6,C2,0.635931408,23.375,55.0,9.0
T_55_F_9_B_D6,C3,0.0,23.375,55.0,9.0
T_55_F_9_B_D6,C4,0.0,23.375,55.0,9.0
T_55_F_9_B_D6,total,0.635931408,23.375,55.0,9.0
T_55_F_9_C_D0,C2,0.238995881,0.0,55.0,9.0
T_55_F_9_C_D0,C3,0.0,0.0,55.0,9.0
T_55_F_9_C_D0,C4,0.0,0.0,55.0,9.0
T_55_F_9_C_D0,total,0.238995881,0.0,55.0,9.0
T_55_F_9_C_D1,C2,0.492896977,0.75,55.0,9.0
T_55_F_9_C_D1,C3,0.0,0.75,55.0,9.0
T_55_F_9_C_D1,C4,0.0,0.75,55.0,9.0
T_55_F_9_C_D1,total,0.492896977,0.75,55.0,9.0
T_55_F_9_C_D2,C2,0.56419784,2.666666667,55.0,9.0
T_55_F_9_C_D2,C3,0.0,2.666666667,55.0,9.0
T_55_F_9_C_D2,C4,0.0,2.666666667,55.0,9.0
T_55_F_9_C_D2,total,0.56419784,2.666666667,55.0,9.0
T_55_F_9_C_D3,C2,0.557961246,5.5625,55.0,9.0
T_55_F_9_C_D3,C3,0.0,5.5625,55.0,9.0
T_55_F_9_C_D3,C4,0.0,5.5625,55.0,9.0
T_55_F_9_C_D3,total,0.557961246,5.5625,55.0,9.0
T_55_F_9_C_D4,C2,0.832126846,8.75,55.0,9.0
T_55_F_9_C_D4,C3,0.0,8.75,55.0,9.0
T_55_F_9_C_D4,C4,0.0,8.75,55.0,9.0
T_55_F_9_C_D4,total,0.832126846,8.75,55.0,9.0
T_55_F_9_C_D5,C2,0.837361717,13.375,55.0,9.0
T_55_F_9_C_D5,C3,0.0,13.375,55.0,9.0
T_55_F_9_C_D5,C4,0.0,13.375,55.0,9.0
T_55_F_9_C_D5,total,0.837361717,13.375,55.0,9.0
T_55_F_9_C_D6,C2,0.704173908,23.375,55.0,9.0
T_55_F_9_C_D6,C3,0.0,23.375,55.0,9.0
T_55_F_9_C_D6,C4,0.0,23.375,55.0,9.0
T_55_F_9_C_D6,total,0.704173908,23.375,55.0,9.0
T_55_M_5_A_D0,C2,0.0,0.0,55.0,5.0
T_55_M_5_A_D0,C3,0.0,0.0,55.0,5.0
T_55_M_5_A_D0,C4,0.0,0.0,55.0,5.0
T_55_M_5_A_D0,total,0.0,0.0,55.0,5.0
T_55_M_5_A_D2,C2,0.098996574,3.541666667,55.0,5.0
T_55_M_5_A_D2,C3,0.0,3.541666667,55.0,5.0
T_55_M_5_A_D2,C4,0.0,3.541666667,55.0,5.0
T_55_M_5_A_D2,total,0.098996574,3.541666667,55.0,5.0
T_55_M_5_B_D0,C2,0.18598286,0.0,55.0,5.0
T_55_M_5_B_D0,C3,0.0,0.0,55.0,5.0
T_55_M_5_B_D0,C4,0.0,0.0,55.0,5.0
T_55_M_5_B_D0,total,0.18598286,0.0,55.0,5.0
T_55_M_5_B_D1,C2,0.143407138,1.5,55.0,5.0
T_55_M_5_B_D1,C3,0.0,1.5,55.0,5.0
T_55_M_5_B_D1,C4,0.0,1.5,55.0,5.0
T_55_M_5_B_D1,total,0.143407138,1.5,55.0,5.0
T_55_M_5_B_D2,C2,0.257258938,3.541666667,55.0,5.0
T_55_M_5_B_D2,C3,0.0,3.541666667,55.0,5.0
T_55_M_5_B_D2,C4,0.130338784,3.541666667,55.0,5.0
T_55_M_5_B_D2,total,0.387597722,3.541666667,55.0,5.0
T_55_M_5_B_D3,C2,0.255697678,6.416666667,55.0,5.0
T_55_M_5_B_D3,C3,0.0,6.416666667,55.0,5.0
T_55_M_5_B_D3,C4,0.158801553,6.416666667,55.0,5.0
T_55_M_5_B_D3,total,0.414499231,6.416666667,55.0,5.0
T_55_M_5_B_D4,C2,0.139297792,10.5,55.0,5.0
T_55_M_5_B_D4,C3,0.0,10.5,55.0,5.0
T_55_M_5_B_D4,C4,0.0,10.5,55.0,5.0
T_55_M_5_B_D4,total,0.139297792,10.5,55.0,5.0
T_55_M_5_B_D5,C2,0.308917905,14.5,55.0,5.0
T_55_M_5_B_D5,C3,0.125643865,14.5,55.0,5.0
T_55_M_5_B_D5,C4,0.114406777,14.5,55.0,5.0
T_55_M_5_B_D5,total,0.548968547,14.5,55.0,5.0
T_55_M_5_C_D0,C2,0.065643217,0.0,55.0,5.0
T_55_M_5_C_D0,C3,0.0,0.0,55.0,5.0
T_55_M_5_C_D0,C4,0.0,0.0,55.0,5.0
T_55_M_5_C_D0,total,0.065643217,0.0,55.0,5.0
T_55_M_5_C_D2,C2,0.153830645,3.541666667,55.0,5.0
T_55_M_5_C_D2,C3,0.0,3.541666667,55.0,5.0
T_55_M_5_C_D2,C4,0.0,3.541666667,55.0,5.0
T_55_M_5_C_D2,total,0.153830645,3.541666667,55.0,5.0
T_55_M_5_C_D3,C2,0.254029149,6.416666667,55.0,5.0
T_55_M_5_C_D3,C3,0.0,6.416666667,55.0,5.0
T_55_M_5_C_D3,C4,0.0,6.416666667,55.0,5.0
T_55_M_5_C_D3,total,0.254029149,6.416666667,55.0,5.0
T_55_M_5_C_D4,C2,0.14087039,10.5,55.0,5.0
T_55_M_5_C_D4,C3,0.0,10.5,55.0,5.0
T_55_M_5_C_D4,C4,0.0,10.5,55.0,5.0
T_55_M_5_C_D4,total,0.14087039,10.5,55.0,5.0
T_55_M_5_C_D5,C2,0.293020303,14.5,55.0,5.0
T_55_M_5_C_D5,C3,0.0,14.5,55.0,5.0
T_55_M_5_C_D5,C4,0.0,14.5,55.0,5.0
T_55_M_5_C_D5,total,0.293020303,14.5,55.0,5.0
T_55_M_7_A_D0,C2,0.266554133,0.0,55.0,7.0
T_55_M_7_A_D0,C3,0.0,0.0,55.0,7.0
T_55_M_7_A_D0,C4,0.0,0.0,55.0,7.0
T_55_M_7_A_D0,total,0.266554133,0.0,55.0,7.0
T_55_M_7_A_D1,C2,0.533645462,1.5,55.0,7.0
T_55_M_7_A_D1,C3,0.106791879,1.5,55.0,7.0
T_55_M_7_A_D1,C4,0.0,1.5,55.0,7.0
T_55_M_7_A_D1,total,0.640437341,1.5,55.0,7.0
T_55_M_7_A_D5,C2,0.0,14.5,55.0,7.0
T_55_M_7_A_D5,C3,0.0,14.5,55.0,7.0
T_55_M_7_A_D5,C4,0.0,14.5,55.0,7.0
T_55_M_7_A_D5,total,0.0,14.5,55.0,7.0
T_55_M_7_B_D0,C2,0.117526964,0.0,55.0,7.0
T_55_M_7_B_D0,C3,0.0,0.0,55.0,7.0
T_55_M_7_B_D0,C4,0.0,0.0,55.0,7.0
T_55_M_7_B_D0,total,0.117526964,0.0,55.0,7.0
T_55_M_7_B_D1,C2,0.422534601,1.5,55.0,7.0
T_55_M_7_B_D1,C3,0.0,1.5,55.0,7.0
T_55_M_7_B_D1,C4,0.0,1.5,55.0,7.0
T_55_M_7_B_D1,total,0.422534601,1.5,55.0,7.0
T_55_M_7_B_D2,C2,0.091409231,3.541666667,55.0,7.0
T_55_M_7_B_D2,C3,0.0,3.541666667,55.0,7.0
T_55_M_7_B_D2,C4,0.0,3.541666667,55.0,7.0
T_55_M_7_B_D2,total,0.091409231,3.541666667,55.0,7.0
T_55_M_7_B_D4,C2,0.0,10.5,55.0,7.0
T_55_M_7_B_D4,C3,0.0,10.5,55.0,7.0
T_55_M_7_B_D4,C4,0.0,10.5,55.0,7.0
T_55_M_7_B_D4,total,0.0,10.5,55.0,7.0
T_55_M_7_B_D5,C2,0.08099876,14.5,55.0,7.0
T_55_M_7_B_D5,C3,0.0,14.5,55.0,7.0
T_55_M_7_B_D5,C4,0.0,14.5,55.0,7.0
T_55_M_7_B_D5,total,0.08099876,14.5,55.0,7.0
T_55_M_7_C_D1,C2,1.049768138,1.5,55.0,7.0
T_55_M_7_C_D1,C3,0.0,1.5,55.0,7.0
T_55_M_7_C_D1,C4,0.0,1.5,55.0,7.0
T_55_M_7_C_D1,total,1.049768138,1.5,55.0,7.0
T_55_M_7_C_D3,C2,0.083486527,6.416666667,55.0,7.0
T_55_M_7_C_D3,C3,0.0,6.416666667,55.0,7.0
T_55_M_7_C_D3,C4,0.0,6.416666667,55.0,7.0
T_55_M_7_C_D3,total,0.083486527,6.416666667,55.0,7.0
T_55_M_9_A_D1,C2,0.252315394,1.5,55.0,9.0
T_55_M_9_A_D1,C3,0.0,1.5,55.0,9.0
T_55_M_9_A_D1,C4,0.0,1.5,55.0,9.0
T_55_M_9_A_D1,total,0.252315394,1.5,55.0,9.0
T_55_M_9_A_D2,C2,0.196663121,3.541666667,55.0,9.0
T_55_M_9_A_D2,C3,0.0,3.541666667,55.0,9.0
T_55_M_9_A_D2,C4,0.0,3.541666667,55.0,9.0
T_55_M_9_A_D2,total,0.196663121,3.541666667,55.0,9.0
T_55_M_9_A_D3,C2,0.593055615,6.416666667,55.0,9.0
T_55_M_9_A_D3,C3,0.0,6.416666667,55.0,9.0
T_55_M_9_A_D3,C4,0.0,6.416666667,55.0,9.0
T_55_M_9_A_D3,total,0.593055615,6.416666667,55.0,9.0
T_55_M_9_A_D4,C2,0.686463904,10.5,55.0,9.0
T_55_M_9_A_D4,C3,0.0,10.5,55.0,9.0
T_55_M_9_A_D4,C4,0.0,10.5,55.0,9.0
T_55_M_9_A_D4,total,0.686463904,10.5,55.0,9.0
T_55_M_9_A_D5,C2,0.964808282,14.5,55.0,9.0
T_55_M_9_A_D5,C3,0.0,14.5,55.0,9.0
T_55_M_9_A_D5,C4,0.0,14.5,55.0,9.0
T_55_M_9_A_D5,total,0.964808282,14.5,55.0,9.0
T_55_M_9_B_D0,C2,0.092809164,0.0,55.0,9.0
T_55_M_9_B_D0,C3,0.0,0.0,55.0,9.0
T_55_M_9_B_D0,C4,0.0,0.0,55.0,9.0
T_55_M_9_B_D0,total,0.092809164,0.0,55.0,9.0
T_55_M_9_B_D1,C2,0.163122038,1.5,55.0,9.0
T_55_M_9_B_D1,C3,0.0,1.5,55.0,9.0
T_55_M_9_B_D1,C4,0.0,1.5,55.0,9.0
T_55_M_9_B_D1,total,0.163122038,1.5,55.0,9.0
T_55_M_9_B_D2,C2,0.20134686,3.541666667,55.0,9.0
T_55_M_9_B_D2,C3,0.0,3.541666667,55.0,9.0
T_55_M_9_B_D2,C4,0.0,3.541666667,55.0,9.0
T_55_M_9_B_D2,total,0.20134686,3.541666667,55.0,9.0
T_55_M_9_B_D3,C2,0.476645287,6.416666667,55.0,9.0
T_55_M_9_B_D3,C3,0.0,6.416666667,55.0,9.0
T_55_M_9_B_D3,C4,0.0,6.416666667,55.0,9.0
T_55_M_9_B_D3,total,0.476645287,6.416666667,55.0,9.0
T_55_M_9_B_D4,C2,0.419501512,10.5,55.0,9.0
T_55_M_9_B_D4,C3,0.0,10.5,55.0,9.0
T_55_M_9_B_D4,C4,0.176167435,10.5,55.0,9.0
T_55_M_9_B_D4,total,0.595668947,10.5,55.0,9.0
T_55_M_9_B_D5,C2,0.791328963,14.5,55.0,9.0
T_55_M_9_B_D5,C3,0.0,14.5,55.0,9.0
T_55_M_9_B_D5,C4,0.0,14.5,55.0,9.0
T_55_M_9_B_D5,total,0.791328963,14.5,55.0,9.0
T_55_M_9_C_D0,C2,0.203473977,0.0,55.0,9.0
T_55_M_9_C_D0,C3,0.0,0.0,55.0,9.0
T_55_M_9_C_D0,C4,0.0,0.0,55.0,9.0
T_55_M_9_C_D0,total,0.203473977,0.0,55.0,9.0
T_55_M_9_C_D1,C2,0.254472867,1.5,55.0,9.0
T_55_M_9_C_D1,C3,0.0,1.5,55.0,9.0
T_55_M_9_C_D1,C4,0.0,1.5,55.0,9.0
T_55_M_9_C_D1,total,0.254472867,1.5,55.0,9.0
T_55_M_9_C_D2,C2,0.495403238,3.541666667,55.0,9.0
T_55_M_9_C_D2,C3,0.0,3.541666667,55.0,9.0
T_55_M_9_C_D2,C4,0.0,3.541666667,55.0,9.0
T_55_M_9_C_D2,total,0.495403238,3.541666667,55.0,9.0
T_55_M_9_C_D3,C2,0.895833716,6.416666667,55.0,9.0
T_55_M_9_C_D3,C3,0.0,6.416666667,55.0,9.0
T_55_M_9_C_D3,C4,0.0,6.416666667,55.0,9.0
T_55_M_9_C_D3,total,0.895833716,6.416666667,55.0,9.0
T_55_M_9_C_D4,C2,0.71662397,10.5,55.0,9.0
T_55_M_9_C_D4,C3,0.0,10.5,55.0,9.0
T_55_M_9_C_D4,C4,0.0,10.5,55.0,9.0
T_55_M_9_C_D4,total,0.71662397,10.5,55.0,9.0
T_55_M_9_C_D5,C2,0.81557171,14.5,55.0,9.0
T_55_M_9_C_D5,C3,0.0,14.5,55.0,9.0
T_55_M_9_C_D5,C4,0.0,14.5,55.0,9.0
T_55_M_9_C_D5,total,0.81557171,14.5,55.0,9.0
